review_text,sentiment
"Excellent quality, exceeded my expectations, highly recommend.",positive
"Very disappointed, poor quality and slow shipping. Bought for my family.",negative
"Awful experience, customer service was unhelpful. Second time buying.",negative
"This exceeded expectations, will definitely buy again.",positive
"Awful experience, customer service was unhelpful.",negative
"Awful experience, customer service was unhelpful.",negative
"Best purchase I've made this year, super happy with it.",positive
"This exceeded expectations, will definitely buy again. Ordered last week.",positive
"Really impressed with the performance, five stars.",positive
"Neither great nor bad, just an average purchase.",neutral
"Works as described, packaging was standard. Bought for my family.",neutral
"This exceeded expectations, will definitely buy again. Second time buying.",positive
"Neither great nor bad, just an average purchase. Second time buying.",neutral
"This exceeded expectations, will definitely buy again.",positive
"Not worth the price, stopped working within a week.",negative
"Very disappointed, poor quality and slow shipping.",negative
"Acceptable quality, meets basic expectations.",neutral
"Decent product for the price, no major complaints. Second time buying.",neutral
"Superb build quality and fast delivery, very satisfied.",positive
"Excellent quality, exceeded my expectations, highly recommend. Second time buying.",positive
"Average quality, arrived on time as expected.",neutral
"Best purchase I've made this year, super happy with it.",positive
"Superb build quality and fast delivery, very satisfied.",positive
"Average quality, arrived on time as expected.",neutral
"Decent product for the price, no major complaints.",neutral
"Excellent quality, exceeded my expectations, highly recommend.",positive
"Horrible experience overall, requesting a refund.",negative
"Works as described, packaging was standard.",neutral
Fantastic customer service and the product is amazing. Bought for my family.,positive
"This exceeded expectations, will definitely buy again.",positive
"Excellent quality, exceeded my expectations, highly recommend. Bought for my family.",positive
"Decent product for the price, no major complaints.",neutral
"Terrible product, broke after two days of use.",negative
"Very disappointed, poor quality and slow shipping. Bought for my family.",negative
"This exceeded expectations, will definitely buy again.",positive
"Extremely poor quality, would not recommend to anyone.",negative
"Not worth the price, stopped working within a week. Ordered last week.",negative
"Great value for money, works perfectly every time.",positive
"Not worth the price, stopped working within a week.",negative
"Superb build quality and fast delivery, very satisfied.",positive
"Absolutely love this product, works great and arrived fast!",positive
"This exceeded expectations, will definitely buy again.",positive
"Absolutely love this product, works great and arrived fast!",positive
"Waste of money, does not work as advertised. Bought for my family.",negative
"Works as described, packaging was standard.",neutral
"Terrible product, broke after two days of use.",negative
"Horrible experience overall, requesting a refund.",negative
"Neither great nor bad, just an average purchase.",neutral
"Best purchase I've made this year, super happy with it. Bought for my family.",positive
Fantastic customer service and the product is amazing.,positive
"Not worth the price, stopped working within a week.",negative
"Absolutely love this product, works great and arrived fast!",positive
"Absolutely love this product, works great and arrived fast!",positive
"Very disappointed, poor quality and slow shipping.",negative
"Excellent quality, exceeded my expectations, highly recommend.",positive
"Excellent quality, exceeded my expectations, highly recommend. Ordered last week.",positive
"Best purchase I've made this year, super happy with it. Second time buying.",positive
"Works as described, packaging was standard. Used it daily.",neutral
"Awful experience, customer service was unhelpful.",negative
"The product is okay, does what it says nothing more.",neutral
"Average quality, arrived on time as expected. Used it daily.",neutral
Fantastic customer service and the product is amazing.,positive
"It's fine, nothing special but does the job. Second time buying.",neutral
"Absolutely love this product, works great and arrived fast!",positive
"Great value for money, works perfectly every time.",positive
"Very disappointed, poor quality and slow shipping.",negative
"Best purchase I've made this year, super happy with it.",positive
"Decent product for the price, no major complaints.",neutral
"Awful experience, customer service was unhelpful. Ordered last week.",negative
"Decent product for the price, no major complaints.",neutral
"Decent product for the price, no major complaints.",neutral
"The product is okay, does what it says nothing more.",neutral
"Awful experience, customer service was unhelpful.",negative
"Not worth the price, stopped working within a week.",negative
Product arrived damaged and support ignored my emails.,negative
"Not worth the price, stopped working within a week.",negative
"Works as described, packaging was standard. Bought for my family.",neutral
"Awful experience, customer service was unhelpful.",negative
"Extremely poor quality, would not recommend to anyone.",negative
"Excellent quality, exceeded my expectations, highly recommend. Second time buying.",positive
"Acceptable quality, meets basic expectations.",neutral
"Really impressed with the performance, five stars. Ordered last week.",positive
"Horrible experience overall, requesting a refund. Bought for my family.",negative
"Awful experience, customer service was unhelpful. Bought for my family.",negative
"Awful experience, customer service was unhelpful.",negative
"This exceeded expectations, will definitely buy again.",positive
"Extremely poor quality, would not recommend to anyone.",negative
"Absolutely love this product, works great and arrived fast! Used it daily.",positive
"Waste of money, does not work as advertised.",negative
"Average quality, arrived on time as expected.",neutral
Fantastic customer service and the product is amazing.,positive
Fantastic customer service and the product is amazing.,positive
Product arrived damaged and support ignored my emails.,negative
"Not worth the price, stopped working within a week.",negative
"Superb build quality and fast delivery, very satisfied.",positive
"Not worth the price, stopped working within a week.",negative
"Great value for money, works perfectly every time.",positive
"Great value for money, works perfectly every time. Ordered last week.",positive
"The product is okay, does what it says nothing more.",neutral
"Absolutely love this product, works great and arrived fast! Bought for my family.",positive
"Not worth the price, stopped working within a week.",negative
"Great value for money, works perfectly every time.",positive
"Not worth the price, stopped working within a week.",negative
"It does the job, delivery was on schedule.",neutral
"Not worth the price, stopped working within a week. Second time buying.",negative
"Very disappointed, poor quality and slow shipping.",negative
"Really impressed with the performance, five stars.",positive
"Superb build quality and fast delivery, very satisfied. Ordered last week.",positive
"The product is okay, does what it says nothing more.",neutral
"Really impressed with the performance, five stars.",positive
"It does the job, delivery was on schedule. Second time buying.",neutral
"Best purchase I've made this year, super happy with it.",positive
"Extremely poor quality, would not recommend to anyone.",negative
"Terrible product, broke after two days of use.",negative
"This exceeded expectations, will definitely buy again. Second time buying.",positive
"Really impressed with the performance, five stars.",positive
"Acceptable quality, meets basic expectations. Ordered last week.",neutral
"Excellent quality, exceeded my expectations, highly recommend.",positive
"Waste of money, does not work as advertised.",negative
"Great value for money, works perfectly every time. Used it daily.",positive
"Works as described, packaging was standard.",neutral
"Best purchase I've made this year, super happy with it.",positive
"Terrible product, broke after two days of use.",negative
"This exceeded expectations, will definitely buy again.",positive
"Terrible product, broke after two days of use.",negative
"Terrible product, broke after two days of use. Bought for my family.",negative
"Very disappointed, poor quality and slow shipping. Second time buying.",negative
"Excellent quality, exceeded my expectations, highly recommend. Ordered last week.",positive
"Not worth the price, stopped working within a week.",negative
"Horrible experience overall, requesting a refund.",negative
"Best purchase I've made this year, super happy with it. Ordered last week.",positive
Product arrived damaged and support ignored my emails. Second time buying.,negative
"It's fine, nothing special but does the job.",neutral
"Superb build quality and fast delivery, very satisfied.",positive
"Terrible product, broke after two days of use.",negative
Product arrived damaged and support ignored my emails. Used it daily.,negative
"Neither great nor bad, just an average purchase.",neutral
"Horrible experience overall, requesting a refund. Bought for my family.",negative
Fantastic customer service and the product is amazing.,positive
"Decent product for the price, no major complaints.",neutral
Fantastic customer service and the product is amazing.,positive
"Superb build quality and fast delivery, very satisfied.",positive
"Excellent quality, exceeded my expectations, highly recommend. Used it daily.",positive
"The product is okay, does what it says nothing more. Bought for my family.",neutral
"The product is okay, does what it says nothing more.",neutral
"This exceeded expectations, will definitely buy again.",positive
"Average quality, arrived on time as expected.",neutral
"Terrible product, broke after two days of use.",negative
Product arrived damaged and support ignored my emails. Bought for my family.,negative
"Terrible product, broke after two days of use.",negative
"Waste of money, does not work as advertised. Second time buying.",negative
"Great value for money, works perfectly every time.",positive
"Best purchase I've made this year, super happy with it.",positive
"Best purchase I've made this year, super happy with it.",positive
"Excellent quality, exceeded my expectations, highly recommend.",positive
"Neither great nor bad, just an average purchase. Used it daily.",neutral
"Best purchase I've made this year, super happy with it.",positive
"Great value for money, works perfectly every time.",positive
"Horrible experience overall, requesting a refund. Used it daily.",negative
"Extremely poor quality, would not recommend to anyone. Ordered last week.",negative
"Absolutely love this product, works great and arrived fast!",positive
"Absolutely love this product, works great and arrived fast!",positive
"Awful experience, customer service was unhelpful. Ordered last week.",negative
"This exceeded expectations, will definitely buy again.",positive
"Extremely poor quality, would not recommend to anyone. Ordered last week.",negative
"Not worth the price, stopped working within a week.",negative
Product arrived damaged and support ignored my emails.,negative
"Awful experience, customer service was unhelpful.",negative
"It does the job, delivery was on schedule. Used it daily.",neutral
"Best purchase I've made this year, super happy with it.",positive
"The product is okay, does what it says nothing more.",neutral
Product arrived damaged and support ignored my emails.,negative
"Terrible product, broke after two days of use.",negative
"The product is okay, does what it says nothing more. Ordered last week.",neutral
"Acceptable quality, meets basic expectations. Ordered last week.",neutral
"Terrible product, broke after two days of use.",negative
"This exceeded expectations, will definitely buy again. Ordered last week.",positive
"This exceeded expectations, will definitely buy again. Bought for my family.",positive
"Absolutely love this product, works great and arrived fast!",positive
"This exceeded expectations, will definitely buy again.",positive
Product arrived damaged and support ignored my emails. Bought for my family.,negative
"This exceeded expectations, will definitely buy again.",positive
"This exceeded expectations, will definitely buy again.",positive
"Acceptable quality, meets basic expectations.",neutral
"It's fine, nothing special but does the job.",neutral
"Horrible experience overall, requesting a refund. Ordered last week.",negative
"Terrible product, broke after two days of use. Used it daily.",negative
Fantastic customer service and the product is amazing.,positive
"The product is okay, does what it says nothing more.",neutral
"Really impressed with the performance, five stars.",positive
"Extremely poor quality, would not recommend to anyone. Used it daily.",negative
Fantastic customer service and the product is amazing. Ordered last week.,positive
"Horrible experience overall, requesting a refund.",negative
"Really impressed with the performance, five stars.",positive
"Average quality, arrived on time as expected.",neutral
"Works as described, packaging was standard.",neutral
"This exceeded expectations, will definitely buy again. Second time buying.",positive
"Really impressed with the performance, five stars. Second time buying.",positive
"Works as described, packaging was standard. Bought for my family.",neutral
"Awful experience, customer service was unhelpful. Bought for my family.",negative
"Acceptable quality, meets basic expectations. Ordered last week.",neutral
"Not worth the price, stopped working within a week.",negative
"Absolutely love this product, works great and arrived fast! Second time buying.",positive
"Horrible experience overall, requesting a refund.",negative
"It does the job, delivery was on schedule. Second time buying.",neutral
"Horrible experience overall, requesting a refund. Ordered last week.",negative
"Works as described, packaging was standard.",neutral
"Waste of money, does not work as advertised.",negative
"Extremely poor quality, would not recommend to anyone.",negative
"Acceptable quality, meets basic expectations.",neutral
"Extremely poor quality, would not recommend to anyone.",negative
Product arrived damaged and support ignored my emails. Used it daily.,negative
"Awful experience, customer service was unhelpful.",negative
"Absolutely love this product, works great and arrived fast!",positive
"The product is okay, does what it says nothing more.",neutral
"Awful experience, customer service was unhelpful. Second time buying.",negative
"The product is okay, does what it says nothing more.",neutral
"Great value for money, works perfectly every time.",positive
"Excellent quality, exceeded my expectations, highly recommend.",positive
"Horrible experience overall, requesting a refund.",negative
"Excellent quality, exceeded my expectations, highly recommend. Bought for my family.",positive
"Great value for money, works perfectly every time. Bought for my family.",positive
Product arrived damaged and support ignored my emails. Ordered last week.,negative
"This exceeded expectations, will definitely buy again.",positive
"Horrible experience overall, requesting a refund. Ordered last week.",negative
"Terrible product, broke after two days of use.",negative
"It's fine, nothing special but does the job.",neutral
"Decent product for the price, no major complaints.",neutral
"Absolutely love this product, works great and arrived fast! Bought for my family.",positive
"Not worth the price, stopped working within a week.",negative
"Absolutely love this product, works great and arrived fast!",positive
"This exceeded expectations, will definitely buy again.",positive
"Terrible product, broke after two days of use.",negative
"Best purchase I've made this year, super happy with it. Bought for my family.",positive
"Absolutely love this product, works great and arrived fast!",positive
"Great value for money, works perfectly every time.",positive
"Average quality, arrived on time as expected. Ordered last week.",neutral
"This exceeded expectations, will definitely buy again.",positive
Product arrived damaged and support ignored my emails. Bought for my family.,negative
"Best purchase I've made this year, super happy with it.",positive
"Waste of money, does not work as advertised.",negative
"Best purchase I've made this year, super happy with it. Bought for my family.",positive
"Waste of money, does not work as advertised.",negative
"Waste of money, does not work as advertised.",negative
"Excellent quality, exceeded my expectations, highly recommend.",positive
Fantastic customer service and the product is amazing. Ordered last week.,positive
"Average quality, arrived on time as expected. Used it daily.",neutral
"Average quality, arrived on time as expected.",neutral
"Superb build quality and fast delivery, very satisfied. Second time buying.",positive
"Great value for money, works perfectly every time. Second time buying.",positive
"It's fine, nothing special but does the job. Ordered last week.",neutral
"Horrible experience overall, requesting a refund.",negative
"Horrible experience overall, requesting a refund. Used it daily.",negative
"Really impressed with the performance, five stars.",positive
Fantastic customer service and the product is amazing.,positive
"Absolutely love this product, works great and arrived fast!",positive
"Works as described, packaging was standard.",neutral
"Average quality, arrived on time as expected.",neutral
"Really impressed with the performance, five stars.",positive
"It does the job, delivery was on schedule.",neutral
"Not worth the price, stopped working within a week.",negative
"Best purchase I've made this year, super happy with it.",positive
"Best purchase I've made this year, super happy with it. Second time buying.",positive
"Terrible product, broke after two days of use.",negative
"Extremely poor quality, would not recommend to anyone.",negative
"Horrible experience overall, requesting a refund.",negative
"Very disappointed, poor quality and slow shipping. Ordered last week.",negative
"Waste of money, does not work as advertised.",negative
"Very disappointed, poor quality and slow shipping.",negative
"This exceeded expectations, will definitely buy again. Bought for my family.",positive
"Awful experience, customer service was unhelpful. Second time buying.",negative
"Really impressed with the performance, five stars.",positive
"Excellent quality, exceeded my expectations, highly recommend.",positive
"This exceeded expectations, will definitely buy again.",positive
"Neither great nor bad, just an average purchase.",neutral
"Acceptable quality, meets basic expectations. Second time buying.",neutral
"Superb build quality and fast delivery, very satisfied.",positive
"Not worth the price, stopped working within a week. Used it daily.",negative
"This exceeded expectations, will definitely buy again.",positive
"Great value for money, works perfectly every time.",positive
"Best purchase I've made this year, super happy with it.",positive
Fantastic customer service and the product is amazing.,positive
"The product is okay, does what it says nothing more.",neutral
"Excellent quality, exceeded my expectations, highly recommend.",positive
"Neither great nor bad, just an average purchase. Bought for my family.",neutral
"Average quality, arrived on time as expected. Used it daily.",neutral
"Extremely poor quality, would not recommend to anyone.",negative
"Really impressed with the performance, five stars.",positive
"Really impressed with the performance, five stars.",positive
"Superb build quality and fast delivery, very satisfied.",positive
"Extremely poor quality, would not recommend to anyone.",negative
"Superb build quality and fast delivery, very satisfied. Used it daily.",positive
"Really impressed with the performance, five stars. Bought for my family.",positive
"Horrible experience overall, requesting a refund.",negative
"Average quality, arrived on time as expected.",neutral
"This exceeded expectations, will definitely buy again.",positive
"Waste of money, does not work as advertised.",negative
"Not worth the price, stopped working within a week. Bought for my family.",negative
"Very disappointed, poor quality and slow shipping. Second time buying.",negative
"Absolutely love this product, works great and arrived fast!",positive
"Excellent quality, exceeded my expectations, highly recommend. Second time buying.",positive
Product arrived damaged and support ignored my emails.,negative
"Average quality, arrived on time as expected. Ordered last week.",neutral
"Waste of money, does not work as advertised.",negative
"Works as described, packaging was standard.",neutral
"Works as described, packaging was standard.",neutral
"Not worth the price, stopped working within a week.",negative
"Superb build quality and fast delivery, very satisfied.",positive
"Awful experience, customer service was unhelpful. Second time buying.",negative
"This exceeded expectations, will definitely buy again.",positive
"Horrible experience overall, requesting a refund.",negative
Product arrived damaged and support ignored my emails. Used it daily.,negative
"Waste of money, does not work as advertised.",negative
"Acceptable quality, meets basic expectations.",neutral
Product arrived damaged and support ignored my emails.,negative
"Absolutely love this product, works great and arrived fast! Ordered last week.",positive
"Great value for money, works perfectly every time.",positive
"Absolutely love this product, works great and arrived fast!",positive
"Average quality, arrived on time as expected. Bought for my family.",neutral
"This exceeded expectations, will definitely buy again.",positive
"Awful experience, customer service was unhelpful.",negative
"Excellent quality, exceeded my expectations, highly recommend.",positive
"Extremely poor quality, would not recommend to anyone. Bought for my family.",negative
"Really impressed with the performance, five stars.",positive
"Great value for money, works perfectly every time.",positive
"Really impressed with the performance, five stars.",positive
Product arrived damaged and support ignored my emails.,negative
"Decent product for the price, no major complaints. Used it daily.",neutral
"It does the job, delivery was on schedule. Used it daily.",neutral
"Acceptable quality, meets basic expectations.",neutral
"Excellent quality, exceeded my expectations, highly recommend.",positive
"Awful experience, customer service was unhelpful. Used it daily.",negative
"Extremely poor quality, would not recommend to anyone. Bought for my family.",negative
"Best purchase I've made this year, super happy with it.",positive
"Great value for money, works perfectly every time. Used it daily.",positive
Fantastic customer service and the product is amazing.,positive
"Best purchase I've made this year, super happy with it.",positive
Fantastic customer service and the product is amazing.,positive
"Acceptable quality, meets basic expectations.",neutral
"This exceeded expectations, will definitely buy again. Used it daily.",positive
"Awful experience, customer service was unhelpful. Used it daily.",negative
"Great value for money, works perfectly every time.",positive
"Works as described, packaging was standard.",neutral
"Horrible experience overall, requesting a refund. Used it daily.",negative
"Neither great nor bad, just an average purchase. Used it daily.",neutral
Product arrived damaged and support ignored my emails.,negative
"This exceeded expectations, will definitely buy again. Second time buying.",positive
"Excellent quality, exceeded my expectations, highly recommend.",positive
"Terrible product, broke after two days of use.",negative
Product arrived damaged and support ignored my emails.,negative
"Absolutely love this product, works great and arrived fast!",positive
"Acceptable quality, meets basic expectations.",neutral
"Really impressed with the performance, five stars.",positive
"Works as described, packaging was standard. Ordered last week.",neutral
"Not worth the price, stopped working within a week.",negative
"Superb build quality and fast delivery, very satisfied. Second time buying.",positive
"Great value for money, works perfectly every time.",positive
"Absolutely love this product, works great and arrived fast!",positive
"Waste of money, does not work as advertised.",negative
"Neither great nor bad, just an average purchase.",neutral
"Terrible product, broke after two days of use.",negative
"Extremely poor quality, would not recommend to anyone.",negative
"Not worth the price, stopped working within a week.",negative
"Awful experience, customer service was unhelpful.",negative
"Decent product for the price, no major complaints.",neutral
"Decent product for the price, no major complaints.",neutral
"Awful experience, customer service was unhelpful.",negative
"Not worth the price, stopped working within a week.",negative
"Acceptable quality, meets basic expectations. Ordered last week.",neutral
"Absolutely love this product, works great and arrived fast!",positive
"Very disappointed, poor quality and slow shipping.",negative
"Terrible product, broke after two days of use.",negative
"Average quality, arrived on time as expected. Bought for my family.",neutral
"Extremely poor quality, would not recommend to anyone. Second time buying.",negative
"Waste of money, does not work as advertised. Ordered last week.",negative
Product arrived damaged and support ignored my emails.,negative
"Superb build quality and fast delivery, very satisfied.",positive
"Extremely poor quality, would not recommend to anyone.",negative
"Excellent quality, exceeded my expectations, highly recommend.",positive
"Neither great nor bad, just an average purchase.",neutral
"Absolutely love this product, works great and arrived fast!",positive
"Decent product for the price, no major complaints.",neutral
"Neither great nor bad, just an average purchase. Ordered last week.",neutral
"Superb build quality and fast delivery, very satisfied.",positive
"Not worth the price, stopped working within a week.",negative
"Decent product for the price, no major complaints.",neutral
"Excellent quality, exceeded my expectations, highly recommend.",positive
"Average quality, arrived on time as expected. Bought for my family.",neutral
Fantastic customer service and the product is amazing. Ordered last week.,positive
"Very disappointed, poor quality and slow shipping.",negative
"Neither great nor bad, just an average purchase.",neutral
"Acceptable quality, meets basic expectations.",neutral
"It does the job, delivery was on schedule. Bought for my family.",neutral
"Absolutely love this product, works great and arrived fast!",positive
"Not worth the price, stopped working within a week.",negative
"Terrible product, broke after two days of use.",negative
"Waste of money, does not work as advertised. Ordered last week.",negative
"Horrible experience overall, requesting a refund.",negative
"Extremely poor quality, would not recommend to anyone. Ordered last week.",negative
"Absolutely love this product, works great and arrived fast! Bought for my family.",positive
Fantastic customer service and the product is amazing.,positive
"Superb build quality and fast delivery, very satisfied.",positive
"It does the job, delivery was on schedule. Second time buying.",neutral
"Works as described, packaging was standard. Bought for my family.",neutral
"Horrible experience overall, requesting a refund.",negative
Fantastic customer service and the product is amazing.,positive
"Awful experience, customer service was unhelpful.",negative
"Works as described, packaging was standard.",neutral
"Very disappointed, poor quality and slow shipping.",negative
"It does the job, delivery was on schedule.",neutral
"Decent product for the price, no major complaints.",neutral
"It's fine, nothing special but does the job.",neutral
"Horrible experience overall, requesting a refund.",negative
"Absolutely love this product, works great and arrived fast! Bought for my family.",positive
"Very disappointed, poor quality and slow shipping.",negative
Product arrived damaged and support ignored my emails. Used it daily.,negative
"Waste of money, does not work as advertised.",negative
"Acceptable quality, meets basic expectations.",neutral
"This exceeded expectations, will definitely buy again.",positive
"Excellent quality, exceeded my expectations, highly recommend.",positive
"Decent product for the price, no major complaints.",neutral
"Terrible product, broke after two days of use.",negative
"Waste of money, does not work as advertised.",negative
"Decent product for the price, no major complaints. Used it daily.",neutral
"Excellent quality, exceeded my expectations, highly recommend.",positive
"Not worth the price, stopped working within a week.",negative
"Really impressed with the performance, five stars.",positive
"Average quality, arrived on time as expected.",neutral
"Neither great nor bad, just an average purchase.",neutral
"Not worth the price, stopped working within a week.",negative
"It does the job, delivery was on schedule.",neutral
"Decent product for the price, no major complaints. Bought for my family.",neutral
"Best purchase I've made this year, super happy with it.",positive
"Waste of money, does not work as advertised. Used it daily.",negative
"Excellent quality, exceeded my expectations, highly recommend. Ordered last week.",positive
"Very disappointed, poor quality and slow shipping.",negative
"The product is okay, does what it says nothing more. Used it daily.",neutral
"Superb build quality and fast delivery, very satisfied.",positive
"This exceeded expectations, will definitely buy again.",positive
"Average quality, arrived on time as expected. Bought for my family.",neutral
"Very disappointed, poor quality and slow shipping.",negative
Fantastic customer service and the product is amazing.,positive
"Extremely poor quality, would not recommend to anyone.",negative
"Excellent quality, exceeded my expectations, highly recommend. Second time buying.",positive
Product arrived damaged and support ignored my emails. Used it daily.,negative
"Great value for money, works perfectly every time.",positive
Product arrived damaged and support ignored my emails.,negative
"This exceeded expectations, will definitely buy again. Used it daily.",positive
"It does the job, delivery was on schedule.",neutral
"Best purchase I've made this year, super happy with it.",positive
"Average quality, arrived on time as expected.",neutral
"Superb build quality and fast delivery, very satisfied.",positive
"Superb build quality and fast delivery, very satisfied. Ordered last week.",positive
"Very disappointed, poor quality and slow shipping. Used it daily.",negative
"Works as described, packaging was standard. Used it daily.",neutral
"Waste of money, does not work as advertised. Second time buying.",negative
"Acceptable quality, meets basic expectations. Ordered last week.",neutral
"Extremely poor quality, would not recommend to anyone.",negative
Product arrived damaged and support ignored my emails. Second time buying.,negative
"Decent product for the price, no major complaints.",neutral
"Really impressed with the performance, five stars. Used it daily.",positive
"Extremely poor quality, would not recommend to anyone.",negative
"Really impressed with the performance, five stars. Second time buying.",positive
"Awful experience, customer service was unhelpful.",negative
"Best purchase I've made this year, super happy with it.",positive
"Great value for money, works perfectly every time.",positive
"Horrible experience overall, requesting a refund.",negative
"Great value for money, works perfectly every time.",positive
"Neither great nor bad, just an average purchase. Bought for my family.",neutral
"Absolutely love this product, works great and arrived fast!",positive
"Extremely poor quality, would not recommend to anyone. Bought for my family.",negative
"It's fine, nothing special but does the job.",neutral
"Horrible experience overall, requesting a refund.",negative
"Really impressed with the performance, five stars.",positive
"It's fine, nothing special but does the job.",neutral
"It does the job, delivery was on schedule. Ordered last week.",neutral
"Best purchase I've made this year, super happy with it.",positive
"Waste of money, does not work as advertised. Used it daily.",negative
"Superb build quality and fast delivery, very satisfied. Ordered last week.",positive
"Works as described, packaging was standard. Second time buying.",neutral
"Horrible experience overall, requesting a refund.",negative
"This exceeded expectations, will definitely buy again.",positive
"Extremely poor quality, would not recommend to anyone.",negative
"Absolutely love this product, works great and arrived fast!",positive
"Terrible product, broke after two days of use.",negative
"Works as described, packaging was standard. Second time buying.",neutral
"This exceeded expectations, will definitely buy again.",positive
Product arrived damaged and support ignored my emails.,negative
"Works as described, packaging was standard.",neutral
"This exceeded expectations, will definitely buy again.",positive
"Really impressed with the performance, five stars. Bought for my family.",positive
"Very disappointed, poor quality and slow shipping.",negative
"The product is okay, does what it says nothing more.",neutral
"It does the job, delivery was on schedule.",neutral
"Works as described, packaging was standard. Second time buying.",neutral
"Extremely poor quality, would not recommend to anyone.",negative
"Great value for money, works perfectly every time.",positive
"Superb build quality and fast delivery, very satisfied. Bought for my family.",positive
"Decent product for the price, no major complaints.",neutral
"Really impressed with the performance, five stars.",positive
"The product is okay, does what it says nothing more. Used it daily.",neutral
"Very disappointed, poor quality and slow shipping.",negative
"The product is okay, does what it says nothing more.",neutral
"Neither great nor bad, just an average purchase.",neutral
"Awful experience, customer service was unhelpful.",negative
"Works as described, packaging was standard.",neutral
"Decent product for the price, no major complaints. Used it daily.",neutral
"Best purchase I've made this year, super happy with it.",positive
"Horrible experience overall, requesting a refund.",negative
"Decent product for the price, no major complaints. Used it daily.",neutral
"Average quality, arrived on time as expected.",neutral
"Waste of money, does not work as advertised. Second time buying.",negative
"Extremely poor quality, would not recommend to anyone. Ordered last week.",negative
"Superb build quality and fast delivery, very satisfied.",positive
Product arrived damaged and support ignored my emails.,negative
"Absolutely love this product, works great and arrived fast! Ordered last week.",positive
Product arrived damaged and support ignored my emails. Used it daily.,negative
"The product is okay, does what it says nothing more. Bought for my family.",neutral
Fantastic customer service and the product is amazing. Used it daily.,positive
Product arrived damaged and support ignored my emails.,negative
"Best purchase I've made this year, super happy with it. Used it daily.",positive
"Average quality, arrived on time as expected.",neutral
"Average quality, arrived on time as expected.",neutral
"Acceptable quality, meets basic expectations.",neutral
"Absolutely love this product, works great and arrived fast!",positive
"Superb build quality and fast delivery, very satisfied.",positive
"Not worth the price, stopped working within a week.",negative
"Horrible experience overall, requesting a refund.",negative
"Great value for money, works perfectly every time.",positive
"Waste of money, does not work as advertised. Used it daily.",negative
"Absolutely love this product, works great and arrived fast! Ordered last week.",positive
"Best purchase I've made this year, super happy with it. Second time buying.",positive
"Awful experience, customer service was unhelpful.",negative
"Excellent quality, exceeded my expectations, highly recommend.",positive
"Great value for money, works perfectly every time.",positive
"Really impressed with the performance, five stars.",positive
"Terrible product, broke after two days of use.",negative
"It's fine, nothing special but does the job.",neutral
"Horrible experience overall, requesting a refund. Ordered last week.",negative
"Acceptable quality, meets basic expectations. Ordered last week.",neutral
"Great value for money, works perfectly every time.",positive
"Superb build quality and fast delivery, very satisfied.",positive
"Excellent quality, exceeded my expectations, highly recommend. Used it daily.",positive
"Absolutely love this product, works great and arrived fast!",positive
"Absolutely love this product, works great and arrived fast!",positive
"This exceeded expectations, will definitely buy again. Second time buying.",positive
"Extremely poor quality, would not recommend to anyone.",negative
"Absolutely love this product, works great and arrived fast! Second time buying.",positive
"Great value for money, works perfectly every time.",positive
"Decent product for the price, no major complaints.",neutral
Fantastic customer service and the product is amazing. Bought for my family.,positive
"Great value for money, works perfectly every time. Used it daily.",positive
"Works as described, packaging was standard.",neutral
"Horrible experience overall, requesting a refund.",negative
"Waste of money, does not work as advertised.",negative
"Superb build quality and fast delivery, very satisfied.",positive
"Horrible experience overall, requesting a refund. Bought for my family.",negative
"Great value for money, works perfectly every time.",positive
Product arrived damaged and support ignored my emails.,negative
"Not worth the price, stopped working within a week. Used it daily.",negative
"Horrible experience overall, requesting a refund. Used it daily.",negative
"Very disappointed, poor quality and slow shipping.",negative
"Superb build quality and fast delivery, very satisfied.",positive
"Really impressed with the performance, five stars.",positive
"Works as described, packaging was standard.",neutral
"Waste of money, does not work as advertised. Ordered last week.",negative
Fantastic customer service and the product is amazing. Bought for my family.,positive
"Waste of money, does not work as advertised.",negative
"It does the job, delivery was on schedule.",neutral
"It's fine, nothing special but does the job. Used it daily.",neutral
"Horrible experience overall, requesting a refund. Ordered last week.",negative
"Very disappointed, poor quality and slow shipping.",negative
"The product is okay, does what it says nothing more.",neutral
"Extremely poor quality, would not recommend to anyone.",negative
"Average quality, arrived on time as expected.",neutral
"It does the job, delivery was on schedule.",neutral
Fantastic customer service and the product is amazing.,positive
"Best purchase I've made this year, super happy with it.",positive
"This exceeded expectations, will definitely buy again.",positive
"Neither great nor bad, just an average purchase. Second time buying.",neutral
"Very disappointed, poor quality and slow shipping. Used it daily.",negative
"Absolutely love this product, works great and arrived fast!",positive
"It does the job, delivery was on schedule.",neutral
"Extremely poor quality, would not recommend to anyone. Ordered last week.",negative
"Awful experience, customer service was unhelpful.",negative
"Superb build quality and fast delivery, very satisfied. Second time buying.",positive
"Superb build quality and fast delivery, very satisfied. Ordered last week.",positive
"It's fine, nothing special but does the job.",neutral
"Great value for money, works perfectly every time. Ordered last week.",positive
"Average quality, arrived on time as expected.",neutral
"Great value for money, works perfectly every time. Ordered last week.",positive
"It does the job, delivery was on schedule.",neutral
"This exceeded expectations, will definitely buy again.",positive
"Really impressed with the performance, five stars. Ordered last week.",positive
"Decent product for the price, no major complaints.",neutral
"It's fine, nothing special but does the job.",neutral
"Best purchase I've made this year, super happy with it.",positive
"Great value for money, works perfectly every time.",positive
"Best purchase I've made this year, super happy with it.",positive
"This exceeded expectations, will definitely buy again. Used it daily.",positive
"Superb build quality and fast delivery, very satisfied. Second time buying.",positive
"Horrible experience overall, requesting a refund.",negative
"Horrible experience overall, requesting a refund. Used it daily.",negative
"Superb build quality and fast delivery, very satisfied.",positive
"Really impressed with the performance, five stars.",positive
"Neither great nor bad, just an average purchase.",neutral
"Awful experience, customer service was unhelpful. Ordered last week.",negative
"Awful experience, customer service was unhelpful.",negative
"It does the job, delivery was on schedule.",neutral
Product arrived damaged and support ignored my emails. Second time buying.,negative
"Horrible experience overall, requesting a refund.",negative
"Best purchase I've made this year, super happy with it. Ordered last week.",positive
"Not worth the price, stopped working within a week. Ordered last week.",negative
"Really impressed with the performance, five stars.",positive
"It's fine, nothing special but does the job.",neutral
"Terrible product, broke after two days of use. Second time buying.",negative
"Neither great nor bad, just an average purchase. Used it daily.",neutral
"Best purchase I've made this year, super happy with it.",positive
"Excellent quality, exceeded my expectations, highly recommend. Ordered last week.",positive
"Decent product for the price, no major complaints.",neutral
"Excellent quality, exceeded my expectations, highly recommend.",positive
"Absolutely love this product, works great and arrived fast! Ordered last week.",positive
"Horrible experience overall, requesting a refund.",negative
"Average quality, arrived on time as expected.",neutral
"This exceeded expectations, will definitely buy again.",positive
"Best purchase I've made this year, super happy with it. Bought for my family.",positive
"Absolutely love this product, works great and arrived fast!",positive
Product arrived damaged and support ignored my emails. Ordered last week.,negative
"Superb build quality and fast delivery, very satisfied. Used it daily.",positive
"Excellent quality, exceeded my expectations, highly recommend.",positive
"Absolutely love this product, works great and arrived fast!",positive
"Absolutely love this product, works great and arrived fast!",positive
"Decent product for the price, no major complaints.",neutral
"Excellent quality, exceeded my expectations, highly recommend. Used it daily.",positive
"Excellent quality, exceeded my expectations, highly recommend.",positive
"Terrible product, broke after two days of use.",negative
"Best purchase I've made this year, super happy with it. Used it daily.",positive
"Not worth the price, stopped working within a week.",negative
"Superb build quality and fast delivery, very satisfied.",positive
"Best purchase I've made this year, super happy with it.",positive
"Waste of money, does not work as advertised. Second time buying.",negative
"Waste of money, does not work as advertised.",negative
"The product is okay, does what it says nothing more.",neutral
"Absolutely love this product, works great and arrived fast! Second time buying.",positive
"Great value for money, works perfectly every time.",positive
"Horrible experience overall, requesting a refund. Ordered last week.",negative
"Waste of money, does not work as advertised. Used it daily.",negative
"Works as described, packaging was standard. Second time buying.",neutral
"Works as described, packaging was standard.",neutral
"Extremely poor quality, would not recommend to anyone. Used it daily.",negative
Fantastic customer service and the product is amazing.,positive
"Works as described, packaging was standard.",neutral
"It does the job, delivery was on schedule.",neutral
Product arrived damaged and support ignored my emails. Second time buying.,negative
"Excellent quality, exceeded my expectations, highly recommend.",positive
"Average quality, arrived on time as expected. Used it daily.",neutral
"Acceptable quality, meets basic expectations. Ordered last week.",neutral
Fantastic customer service and the product is amazing.,positive
"Absolutely love this product, works great and arrived fast!",positive
"Great value for money, works perfectly every time.",positive
"Extremely poor quality, would not recommend to anyone.",negative
"Terrible product, broke after two days of use.",negative
"It's fine, nothing special but does the job.",neutral
"Terrible product, broke after two days of use.",negative
"Great value for money, works perfectly every time.",positive
"Horrible experience overall, requesting a refund.",negative
Fantastic customer service and the product is amazing. Bought for my family.,positive
"Excellent quality, exceeded my expectations, highly recommend.",positive
"Acceptable quality, meets basic expectations.",neutral
Product arrived damaged and support ignored my emails. Used it daily.,negative
"Really impressed with the performance, five stars. Ordered last week.",positive
"Really impressed with the performance, five stars. Ordered last week.",positive
"Best purchase I've made this year, super happy with it.",positive
"Works as described, packaging was standard.",neutral
"The product is okay, does what it says nothing more.",neutral
"Neither great nor bad, just an average purchase.",neutral
"Really impressed with the performance, five stars.",positive
"Absolutely love this product, works great and arrived fast!",positive
"Not worth the price, stopped working within a week. Used it daily.",negative
"Decent product for the price, no major complaints.",neutral
"Absolutely love this product, works great and arrived fast!",positive
"Absolutely love this product, works great and arrived fast!",positive
"Excellent quality, exceeded my expectations, highly recommend. Second time buying.",positive
"Best purchase I've made this year, super happy with it.",positive
"Horrible experience overall, requesting a refund.",negative
"Great value for money, works perfectly every time.",positive
Product arrived damaged and support ignored my emails.,negative
"Acceptable quality, meets basic expectations.",neutral
"Terrible product, broke after two days of use. Second time buying.",negative
"It does the job, delivery was on schedule. Used it daily.",neutral
"Terrible product, broke after two days of use. Bought for my family.",negative
"Excellent quality, exceeded my expectations, highly recommend.",positive
"Average quality, arrived on time as expected.",neutral
"Superb build quality and fast delivery, very satisfied. Second time buying.",positive
"Terrible product, broke after two days of use.",negative
"Absolutely love this product, works great and arrived fast!",positive
Fantastic customer service and the product is amazing.,positive
"Very disappointed, poor quality and slow shipping.",negative
"Superb build quality and fast delivery, very satisfied.",positive
"Neither great nor bad, just an average purchase.",neutral
"Very disappointed, poor quality and slow shipping.",negative
"Great value for money, works perfectly every time.",positive
Fantastic customer service and the product is amazing. Bought for my family.,positive
"Decent product for the price, no major complaints.",neutral
"Acceptable quality, meets basic expectations.",neutral
"Acceptable quality, meets basic expectations. Second time buying.",neutral
"Very disappointed, poor quality and slow shipping.",negative
"Best purchase I've made this year, super happy with it. Used it daily.",positive
"Horrible experience overall, requesting a refund.",negative
"Extremely poor quality, would not recommend to anyone.",negative
"Terrible product, broke after two days of use. Used it daily.",negative
"Extremely poor quality, would not recommend to anyone.",negative
"Great value for money, works perfectly every time. Ordered last week.",positive
"Best purchase I've made this year, super happy with it.",positive
"It does the job, delivery was on schedule. Second time buying.",neutral
"Extremely poor quality, would not recommend to anyone.",negative
"Horrible experience overall, requesting a refund.",negative
"Excellent quality, exceeded my expectations, highly recommend.",positive
"Terrible product, broke after two days of use.",negative
"Excellent quality, exceeded my expectations, highly recommend.",positive
"Acceptable quality, meets basic expectations.",neutral
"It does the job, delivery was on schedule.",neutral
"It's fine, nothing special but does the job. Second time buying.",neutral
"Not worth the price, stopped working within a week.",negative
"Absolutely love this product, works great and arrived fast!",positive
"It's fine, nothing special but does the job.",neutral
"Absolutely love this product, works great and arrived fast!",positive
"Superb build quality and fast delivery, very satisfied.",positive
"Terrible product, broke after two days of use.",negative
"Superb build quality and fast delivery, very satisfied. Bought for my family.",positive
"This exceeded expectations, will definitely buy again. Bought for my family.",positive
Product arrived damaged and support ignored my emails.,negative
"The product is okay, does what it says nothing more.",neutral
"Neither great nor bad, just an average purchase.",neutral
Fantastic customer service and the product is amazing. Second time buying.,positive
"It's fine, nothing special but does the job.",neutral
"Very disappointed, poor quality and slow shipping.",negative
"It's fine, nothing special but does the job.",neutral
"Superb build quality and fast delivery, very satisfied.",positive
"Best purchase I've made this year, super happy with it. Used it daily.",positive
"This exceeded expectations, will definitely buy again. Bought for my family.",positive
"Works as described, packaging was standard. Second time buying.",neutral
"The product is okay, does what it says nothing more.",neutral
"Average quality, arrived on time as expected.",neutral
"This exceeded expectations, will definitely buy again. Second time buying.",positive
"Really impressed with the performance, five stars.",positive
"Terrible product, broke after two days of use. Second time buying.",negative
"Very disappointed, poor quality and slow shipping. Bought for my family.",negative
"Waste of money, does not work as advertised. Second time buying.",negative
"Absolutely love this product, works great and arrived fast!",positive
"Excellent quality, exceeded my expectations, highly recommend.",positive
"Terrible product, broke after two days of use. Ordered last week.",negative
"Extremely poor quality, would not recommend to anyone.",negative
Product arrived damaged and support ignored my emails.,negative
"Decent product for the price, no major complaints.",neutral
"Horrible experience overall, requesting a refund.",negative
"Best purchase I've made this year, super happy with it. Used it daily.",positive
Fantastic customer service and the product is amazing.,positive
"Best purchase I've made this year, super happy with it. Used it daily.",positive
"Absolutely love this product, works great and arrived fast!",positive
"Neither great nor bad, just an average purchase.",neutral
"Extremely poor quality, would not recommend to anyone.",negative
"Horrible experience overall, requesting a refund.",negative
"Great value for money, works perfectly every time.",positive
"Neither great nor bad, just an average purchase.",neutral
Product arrived damaged and support ignored my emails.,negative
Product arrived damaged and support ignored my emails.,negative
"The product is okay, does what it says nothing more. Ordered last week.",neutral
"Acceptable quality, meets basic expectations.",neutral
"Excellent quality, exceeded my expectations, highly recommend.",positive
"Superb build quality and fast delivery, very satisfied. Second time buying.",positive
"Excellent quality, exceeded my expectations, highly recommend. Ordered last week.",positive
"Absolutely love this product, works great and arrived fast!",positive
"Acceptable quality, meets basic expectations. Used it daily.",neutral
"Neither great nor bad, just an average purchase.",neutral
"Horrible experience overall, requesting a refund.",negative
"This exceeded expectations, will definitely buy again. Bought for my family.",positive
Fantastic customer service and the product is amazing. Bought for my family.,positive
Fantastic customer service and the product is amazing. Bought for my family.,positive
"Works as described, packaging was standard. Second time buying.",neutral
"Works as described, packaging was standard.",neutral
"Really impressed with the performance, five stars.",positive
"Very disappointed, poor quality and slow shipping.",negative
"Superb build quality and fast delivery, very satisfied.",positive
"This exceeded expectations, will definitely buy again.",positive
"Extremely poor quality, would not recommend to anyone.",negative
"It's fine, nothing special but does the job.",neutral
"Absolutely love this product, works great and arrived fast!",positive
"Not worth the price, stopped working within a week.",negative
"Waste of money, does not work as advertised.",negative
"Superb build quality and fast delivery, very satisfied.",positive
"Terrible product, broke after two days of use. Used it daily.",negative
"The product is okay, does what it says nothing more. Used it daily.",neutral
"Absolutely love this product, works great and arrived fast!",positive
"Very disappointed, poor quality and slow shipping.",negative
Fantastic customer service and the product is amazing. Bought for my family.,positive
"Neither great nor bad, just an average purchase.",neutral
"This exceeded expectations, will definitely buy again. Bought for my family.",positive
"Terrible product, broke after two days of use. Second time buying.",negative
"Best purchase I've made this year, super happy with it.",positive
"Really impressed with the performance, five stars.",positive
Product arrived damaged and support ignored my emails.,negative
"Neither great nor bad, just an average purchase. Bought for my family.",neutral
"Terrible product, broke after two days of use.",negative
"Really impressed with the performance, five stars.",positive
"Works as described, packaging was standard.",neutral
Product arrived damaged and support ignored my emails.,negative
"Awful experience, customer service was unhelpful. Used it daily.",negative
"This exceeded expectations, will definitely buy again.",positive
Fantastic customer service and the product is amazing.,positive
"It does the job, delivery was on schedule.",neutral
"The product is okay, does what it says nothing more.",neutral
"The product is okay, does what it says nothing more.",neutral
"Absolutely love this product, works great and arrived fast! Ordered last week.",positive
"This exceeded expectations, will definitely buy again. Second time buying.",positive
"Horrible experience overall, requesting a refund. Ordered last week.",negative
"Horrible experience overall, requesting a refund. Ordered last week.",negative
"It does the job, delivery was on schedule.",neutral
"Horrible experience overall, requesting a refund. Ordered last week.",negative
"Absolutely love this product, works great and arrived fast!",positive
"Acceptable quality, meets basic expectations.",neutral
"Great value for money, works perfectly every time. Ordered last week.",positive
"Great value for money, works perfectly every time.",positive
"Extremely poor quality, would not recommend to anyone.",negative
"Waste of money, does not work as advertised.",negative
Product arrived damaged and support ignored my emails.,negative
Fantastic customer service and the product is amazing.,positive
"The product is okay, does what it says nothing more.",neutral
"Excellent quality, exceeded my expectations, highly recommend. Bought for my family.",positive
"Best purchase I've made this year, super happy with it.",positive
"It's fine, nothing special but does the job.",neutral
"Terrible product, broke after two days of use. Ordered last week.",negative
"Superb build quality and fast delivery, very satisfied. Ordered last week.",positive
"Terrible product, broke after two days of use.",negative
"Terrible product, broke after two days of use. Used it daily.",negative
"This exceeded expectations, will definitely buy again.",positive
"Extremely poor quality, would not recommend to anyone.",negative
"Not worth the price, stopped working within a week.",negative
"Neither great nor bad, just an average purchase.",neutral
Product arrived damaged and support ignored my emails.,negative
"Best purchase I've made this year, super happy with it.",positive
"Not worth the price, stopped working within a week.",negative
"Average quality, arrived on time as expected.",neutral
"Decent product for the price, no major complaints. Bought for my family.",neutral
Fantastic customer service and the product is amazing. Ordered last week.,positive
"Waste of money, does not work as advertised.",negative
"Terrible product, broke after two days of use. Ordered last week.",negative
Product arrived damaged and support ignored my emails.,negative
"This exceeded expectations, will definitely buy again. Second time buying.",positive
"Really impressed with the performance, five stars.",positive
"It does the job, delivery was on schedule. Second time buying.",neutral
"Best purchase I've made this year, super happy with it.",positive
Fantastic customer service and the product is amazing.,positive
"Works as described, packaging was standard.",neutral
"Waste of money, does not work as advertised.",negative
"Waste of money, does not work as advertised.",negative
Fantastic customer service and the product is amazing. Second time buying.,positive
"This exceeded expectations, will definitely buy again. Used it daily.",positive
"Acceptable quality, meets basic expectations. Used it daily.",neutral
"Superb build quality and fast delivery, very satisfied. Second time buying.",positive
Fantastic customer service and the product is amazing. Second time buying.,positive
"Waste of money, does not work as advertised.",negative
"Average quality, arrived on time as expected. Second time buying.",neutral
"Horrible experience overall, requesting a refund.",negative
"Very disappointed, poor quality and slow shipping. Bought for my family.",negative
Product arrived damaged and support ignored my emails.,negative
"Great value for money, works perfectly every time.",positive
"Extremely poor quality, would not recommend to anyone.",negative
"This exceeded expectations, will definitely buy again.",positive
"Excellent quality, exceeded my expectations, highly recommend.",positive
"It's fine, nothing special but does the job.",neutral
"Superb build quality and fast delivery, very satisfied.",positive
"Works as described, packaging was standard. Ordered last week.",neutral
"It does the job, delivery was on schedule.",neutral
"It's fine, nothing special but does the job.",neutral
"Not worth the price, stopped working within a week.",negative
"Best purchase I've made this year, super happy with it. Second time buying.",positive
"Great value for money, works perfectly every time. Ordered last week.",positive
"This exceeded expectations, will definitely buy again. Ordered last week.",positive
Fantastic customer service and the product is amazing.,positive
"Superb build quality and fast delivery, very satisfied. Second time buying.",positive
"Extremely poor quality, would not recommend to anyone.",negative
"Best purchase I've made this year, super happy with it.",positive
"Best purchase I've made this year, super happy with it.",positive
"Works as described, packaging was standard.",neutral
"It does the job, delivery was on schedule.",neutral
"Horrible experience overall, requesting a refund. Bought for my family.",negative
"Not worth the price, stopped working within a week. Ordered last week.",negative
"It's fine, nothing special but does the job. Ordered last week.",neutral
"Decent product for the price, no major complaints.",neutral
"This exceeded expectations, will definitely buy again. Bought for my family.",positive
"Absolutely love this product, works great and arrived fast! Used it daily.",positive
"Absolutely love this product, works great and arrived fast!",positive
"Works as described, packaging was standard.",neutral
"This exceeded expectations, will definitely buy again.",positive
"Really impressed with the performance, five stars. Second time buying.",positive
"Best purchase I've made this year, super happy with it.",positive
"Average quality, arrived on time as expected.",neutral
"This exceeded expectations, will definitely buy again.",positive
"Very disappointed, poor quality and slow shipping.",negative
"This exceeded expectations, will definitely buy again. Ordered last week.",positive
"Awful experience, customer service was unhelpful.",negative
"Neither great nor bad, just an average purchase. Ordered last week.",neutral
"Superb build quality and fast delivery, very satisfied. Used it daily.",positive
"Excellent quality, exceeded my expectations, highly recommend.",positive
"Waste of money, does not work as advertised. Ordered last week.",negative
"Horrible experience overall, requesting a refund.",negative
"Great value for money, works perfectly every time. Ordered last week.",positive
"Great value for money, works perfectly every time.",positive
"Waste of money, does not work as advertised.",negative
Product arrived damaged and support ignored my emails.,negative
"Best purchase I've made this year, super happy with it. Second time buying.",positive
"Really impressed with the performance, five stars.",positive
Product arrived damaged and support ignored my emails.,negative
"The product is okay, does what it says nothing more.",neutral
Product arrived damaged and support ignored my emails.,negative
"Average quality, arrived on time as expected.",neutral
"Extremely poor quality, would not recommend to anyone. Second time buying.",negative
"Decent product for the price, no major complaints.",neutral
"Waste of money, does not work as advertised.",negative
"Superb build quality and fast delivery, very satisfied.",positive
Product arrived damaged and support ignored my emails. Bought for my family.,negative
"Best purchase I've made this year, super happy with it.",positive
"Superb build quality and fast delivery, very satisfied.",positive
"This exceeded expectations, will definitely buy again. Second time buying.",positive
"Acceptable quality, meets basic expectations.",neutral
"Waste of money, does not work as advertised.",negative
Product arrived damaged and support ignored my emails. Bought for my family.,negative
"Great value for money, works perfectly every time.",positive
"Waste of money, does not work as advertised.",negative
"Excellent quality, exceeded my expectations, highly recommend.",positive
"Waste of money, does not work as advertised.",negative
"Great value for money, works perfectly every time. Second time buying.",positive
"Terrible product, broke after two days of use.",negative
"Neither great nor bad, just an average purchase.",neutral
"Very disappointed, poor quality and slow shipping.",negative
"Great value for money, works perfectly every time.",positive
Fantastic customer service and the product is amazing.,positive
"Very disappointed, poor quality and slow shipping.",negative
"Acceptable quality, meets basic expectations. Ordered last week.",neutral
"Waste of money, does not work as advertised.",negative
"The product is okay, does what it says nothing more. Second time buying.",neutral
"Extremely poor quality, would not recommend to anyone.",negative
"Waste of money, does not work as advertised.",negative
"Acceptable quality, meets basic expectations.",neutral
Fantastic customer service and the product is amazing. Used it daily.,positive
"Absolutely love this product, works great and arrived fast!",positive
"Works as described, packaging was standard.",neutral
"This exceeded expectations, will definitely buy again.",positive
"The product is okay, does what it says nothing more.",neutral
"Absolutely love this product, works great and arrived fast! Second time buying.",positive
"This exceeded expectations, will definitely buy again.",positive
"This exceeded expectations, will definitely buy again.",positive
"It does the job, delivery was on schedule.",neutral
"Superb build quality and fast delivery, very satisfied. Bought for my family.",positive
"Excellent quality, exceeded my expectations, highly recommend.",positive
"Extremely poor quality, would not recommend to anyone.",negative
"Excellent quality, exceeded my expectations, highly recommend.",positive
"Neither great nor bad, just an average purchase.",neutral
"Acceptable quality, meets basic expectations. Ordered last week.",neutral
"Best purchase I've made this year, super happy with it. Bought for my family.",positive
"Average quality, arrived on time as expected.",neutral
"Awful experience, customer service was unhelpful.",negative
"Very disappointed, poor quality and slow shipping.",negative
"This exceeded expectations, will definitely buy again.",positive
"Really impressed with the performance, five stars.",positive
"Excellent quality, exceeded my expectations, highly recommend.",positive
"Really impressed with the performance, five stars.",positive
"It does the job, delivery was on schedule.",neutral
"Terrible product, broke after two days of use.",negative
"Absolutely love this product, works great and arrived fast!",positive
"Horrible experience overall, requesting a refund. Bought for my family.",negative
"Absolutely love this product, works great and arrived fast!",positive
"It's fine, nothing special but does the job. Second time buying.",neutral
"Absolutely love this product, works great and arrived fast!",positive
"Acceptable quality, meets basic expectations.",neutral
"Extremely poor quality, would not recommend to anyone.",negative
"Superb build quality and fast delivery, very satisfied. Second time buying.",positive
"Really impressed with the performance, five stars.",positive
"Excellent quality, exceeded my expectations, highly recommend.",positive
Product arrived damaged and support ignored my emails.,negative
"Horrible experience overall, requesting a refund.",negative
"Terrible product, broke after two days of use.",negative
"It does the job, delivery was on schedule.",neutral
"Very disappointed, poor quality and slow shipping. Ordered last week.",negative
"Works as described, packaging was standard. Ordered last week.",neutral
"Not worth the price, stopped working within a week.",negative
"Extremely poor quality, would not recommend to anyone. Ordered last week.",negative
"Absolutely love this product, works great and arrived fast!",positive
"Awful experience, customer service was unhelpful.",negative
"This exceeded expectations, will definitely buy again.",positive
"Terrible product, broke after two days of use.",negative
"This exceeded expectations, will definitely buy again.",positive
"Great value for money, works perfectly every time.",positive
"Superb build quality and fast delivery, very satisfied.",positive
"This exceeded expectations, will definitely buy again. Ordered last week.",positive
"Very disappointed, poor quality and slow shipping.",negative
"Average quality, arrived on time as expected. Second time buying.",neutral
"Waste of money, does not work as advertised.",negative
"Extremely poor quality, would not recommend to anyone.",negative
Product arrived damaged and support ignored my emails.,negative
"Absolutely love this product, works great and arrived fast!",positive
"Superb build quality and fast delivery, very satisfied. Bought for my family.",positive
"Acceptable quality, meets basic expectations.",neutral
"Really impressed with the performance, five stars.",positive
"Terrible product, broke after two days of use. Ordered last week.",negative
"It's fine, nothing special but does the job.",neutral
"Awful experience, customer service was unhelpful. Bought for my family.",negative
"Terrible product, broke after two days of use.",negative
"This exceeded expectations, will definitely buy again.",positive
"Very disappointed, poor quality and slow shipping. Second time buying.",negative
"Waste of money, does not work as advertised.",negative
"Great value for money, works perfectly every time.",positive
"Not worth the price, stopped working within a week. Bought for my family.",negative
"Awful experience, customer service was unhelpful. Bought for my family.",negative
Product arrived damaged and support ignored my emails.,negative
"It's fine, nothing special but does the job. Used it daily.",neutral
Product arrived damaged and support ignored my emails.,negative
"Terrible product, broke after two days of use.",negative
"The product is okay, does what it says nothing more.",neutral
"Waste of money, does not work as advertised.",negative
"Decent product for the price, no major complaints. Bought for my family.",neutral
"Really impressed with the performance, five stars. Used it daily.",positive
Fantastic customer service and the product is amazing.,positive
"Extremely poor quality, would not recommend to anyone.",negative
"Great value for money, works perfectly every time.",positive
"Best purchase I've made this year, super happy with it.",positive
"Not worth the price, stopped working within a week.",negative
"Really impressed with the performance, five stars.",positive
Fantastic customer service and the product is amazing.,positive
"Absolutely love this product, works great and arrived fast!",positive
"Extremely poor quality, would not recommend to anyone.",negative
"Excellent quality, exceeded my expectations, highly recommend.",positive
"Excellent quality, exceeded my expectations, highly recommend. Ordered last week.",positive
"Terrible product, broke after two days of use. Bought for my family.",negative
"This exceeded expectations, will definitely buy again.",positive
"Best purchase I've made this year, super happy with it.",positive
"Best purchase I've made this year, super happy with it. Ordered last week.",positive
"Absolutely love this product, works great and arrived fast!",positive
"Really impressed with the performance, five stars. Ordered last week.",positive
"Great value for money, works perfectly every time. Bought for my family.",positive
"Excellent quality, exceeded my expectations, highly recommend. Bought for my family.",positive
"Excellent quality, exceeded my expectations, highly recommend.",positive
Fantastic customer service and the product is amazing.,positive
"Extremely poor quality, would not recommend to anyone.",negative
"Excellent quality, exceeded my expectations, highly recommend.",positive
"The product is okay, does what it says nothing more. Bought for my family.",neutral
"Great value for money, works perfectly every time.",positive
"Average quality, arrived on time as expected.",neutral
"Terrible product, broke after two days of use. Used it daily.",negative
"Excellent quality, exceeded my expectations, highly recommend. Used it daily.",positive
Fantastic customer service and the product is amazing.,positive
"Excellent quality, exceeded my expectations, highly recommend.",positive
"Great value for money, works perfectly every time. Used it daily.",positive
"Not worth the price, stopped working within a week.",negative
"Awful experience, customer service was unhelpful.",negative
"Neither great nor bad, just an average purchase.",neutral
"Works as described, packaging was standard.",neutral
"Awful experience, customer service was unhelpful. Used it daily.",negative
"Works as described, packaging was standard.",neutral
"Superb build quality and fast delivery, very satisfied.",positive
"Best purchase I've made this year, super happy with it. Ordered last week.",positive
"Neither great nor bad, just an average purchase.",neutral
"Really impressed with the performance, five stars.",positive
"Terrible product, broke after two days of use.",negative
"Acceptable quality, meets basic expectations.",neutral
"The product is okay, does what it says nothing more.",neutral
Fantastic customer service and the product is amazing.,positive
Fantastic customer service and the product is amazing. Bought for my family.,positive
"Waste of money, does not work as advertised.",negative
"Not worth the price, stopped working within a week. Bought for my family.",negative
"Very disappointed, poor quality and slow shipping.",negative
"Horrible experience overall, requesting a refund.",negative
"The product is okay, does what it says nothing more.",neutral
"Horrible experience overall, requesting a refund. Second time buying.",negative
"Terrible product, broke after two days of use.",negative
"Excellent quality, exceeded my expectations, highly recommend. Second time buying.",positive
"Horrible experience overall, requesting a refund.",negative
"This exceeded expectations, will definitely buy again. Ordered last week.",positive
"It does the job, delivery was on schedule.",neutral
"Awful experience, customer service was unhelpful.",negative
"Best purchase I've made this year, super happy with it.",positive
"Extremely poor quality, would not recommend to anyone. Ordered last week.",negative
"Decent product for the price, no major complaints. Bought for my family.",neutral
"Great value for money, works perfectly every time.",positive
"Best purchase I've made this year, super happy with it.",positive
"Really impressed with the performance, five stars.",positive
"It does the job, delivery was on schedule. Second time buying.",neutral
"This exceeded expectations, will definitely buy again. Second time buying.",positive
"Average quality, arrived on time as expected.",neutral
"Not worth the price, stopped working within a week. Ordered last week.",negative
"Acceptable quality, meets basic expectations.",neutral
Product arrived damaged and support ignored my emails.,negative
"Waste of money, does not work as advertised.",negative
"Superb build quality and fast delivery, very satisfied.",positive
"Not worth the price, stopped working within a week.",negative
Product arrived damaged and support ignored my emails.,negative
"Very disappointed, poor quality and slow shipping. Ordered last week.",negative
"Excellent quality, exceeded my expectations, highly recommend.",positive
"Great value for money, works perfectly every time.",positive
"Excellent quality, exceeded my expectations, highly recommend.",positive
"Absolutely love this product, works great and arrived fast! Ordered last week.",positive
"Awful experience, customer service was unhelpful.",negative
"Horrible experience overall, requesting a refund.",negative
"Average quality, arrived on time as expected.",neutral
"Superb build quality and fast delivery, very satisfied.",positive
"Average quality, arrived on time as expected.",neutral
"Really impressed with the performance, five stars. Bought for my family.",positive
"It's fine, nothing special but does the job.",neutral
"Waste of money, does not work as advertised.",negative
"Not worth the price, stopped working within a week. Bought for my family.",negative
"Average quality, arrived on time as expected. Bought for my family.",neutral
"Not worth the price, stopped working within a week.",negative
"Neither great nor bad, just an average purchase. Ordered last week.",neutral
"The product is okay, does what it says nothing more.",neutral
Fantastic customer service and the product is amazing.,positive
"Excellent quality, exceeded my expectations, highly recommend.",positive
"Not worth the price, stopped working within a week.",negative
"Average quality, arrived on time as expected. Used it daily.",neutral
"Awful experience, customer service was unhelpful.",negative
"Decent product for the price, no major complaints.",neutral
"Decent product for the price, no major complaints.",neutral
"Extremely poor quality, would not recommend to anyone.",negative
"Horrible experience overall, requesting a refund. Used it daily.",negative
"Great value for money, works perfectly every time.",positive
"Best purchase I've made this year, super happy with it.",positive
"The product is okay, does what it says nothing more.",neutral
"Waste of money, does not work as advertised.",negative
"Excellent quality, exceeded my expectations, highly recommend. Second time buying.",positive
"Great value for money, works perfectly every time. Used it daily.",positive
"Superb build quality and fast delivery, very satisfied. Second time buying.",positive
"Great value for money, works perfectly every time.",positive
"Horrible experience overall, requesting a refund.",negative
"Not worth the price, stopped working within a week.",negative
"Terrible product, broke after two days of use.",negative
"Extremely poor quality, would not recommend to anyone.",negative
"Waste of money, does not work as advertised.",negative
"Waste of money, does not work as advertised.",negative
"Horrible experience overall, requesting a refund.",negative
"Great value for money, works perfectly every time.",positive
Product arrived damaged and support ignored my emails.,negative
"Neither great nor bad, just an average purchase. Used it daily.",neutral
"It does the job, delivery was on schedule.",neutral
"Excellent quality, exceeded my expectations, highly recommend.",positive
"Extremely poor quality, would not recommend to anyone.",negative
"Superb build quality and fast delivery, very satisfied.",positive
"Decent product for the price, no major complaints.",neutral
"Great value for money, works perfectly every time.",positive
"It does the job, delivery was on schedule.",neutral
"Awful experience, customer service was unhelpful. Second time buying.",negative
"Awful experience, customer service was unhelpful.",negative
"Superb build quality and fast delivery, very satisfied.",positive
"Absolutely love this product, works great and arrived fast!",positive
Fantastic customer service and the product is amazing.,positive
"Really impressed with the performance, five stars.",positive
"Awful experience, customer service was unhelpful. Second time buying.",negative
"Waste of money, does not work as advertised. Second time buying.",negative
"Extremely poor quality, would not recommend to anyone. Used it daily.",negative
"Absolutely love this product, works great and arrived fast!",positive
Fantastic customer service and the product is amazing.,positive
"Decent product for the price, no major complaints.",neutral
"Really impressed with the performance, five stars.",positive
"It's fine, nothing special but does the job.",neutral
"Waste of money, does not work as advertised. Ordered last week.",negative
"Really impressed with the performance, five stars.",positive
"Excellent quality, exceeded my expectations, highly recommend.",positive
"Excellent quality, exceeded my expectations, highly recommend. Second time buying.",positive
"It's fine, nothing special but does the job.",neutral
"Really impressed with the performance, five stars. Bought for my family.",positive
"This exceeded expectations, will definitely buy again.",positive
"The product is okay, does what it says nothing more.",neutral
"Extremely poor quality, would not recommend to anyone.",negative
"Very disappointed, poor quality and slow shipping.",negative
"Decent product for the price, no major complaints.",neutral
"This exceeded expectations, will definitely buy again.",positive
"Horrible experience overall, requesting a refund.",negative
"Awful experience, customer service was unhelpful.",negative
Product arrived damaged and support ignored my emails. Used it daily.,negative
"Terrible product, broke after two days of use. Second time buying.",negative
"Superb build quality and fast delivery, very satisfied. Bought for my family.",positive
"Works as described, packaging was standard.",neutral
Product arrived damaged and support ignored my emails. Bought for my family.,negative
"Really impressed with the performance, five stars.",positive
"This exceeded expectations, will definitely buy again.",positive
"The product is okay, does what it says nothing more.",neutral
"Awful experience, customer service was unhelpful.",negative
"Excellent quality, exceeded my expectations, highly recommend. Second time buying.",positive
"It does the job, delivery was on schedule.",neutral
"Extremely poor quality, would not recommend to anyone.",negative
"Average quality, arrived on time as expected.",neutral
"This exceeded expectations, will definitely buy again.",positive
"Absolutely love this product, works great and arrived fast!",positive
"Terrible product, broke after two days of use.",negative
"It does the job, delivery was on schedule.",neutral
"Really impressed with the performance, five stars. Second time buying.",positive
"Great value for money, works perfectly every time. Ordered last week.",positive
"Awful experience, customer service was unhelpful.",negative
"Works as described, packaging was standard.",neutral
Fantastic customer service and the product is amazing.,positive
"Great value for money, works perfectly every time. Bought for my family.",positive
"Very disappointed, poor quality and slow shipping. Second time buying.",negative
Fantastic customer service and the product is amazing.,positive
"The product is okay, does what it says nothing more. Bought for my family.",neutral
"The product is okay, does what it says nothing more.",neutral
"Waste of money, does not work as advertised. Second time buying.",negative
"The product is okay, does what it says nothing more.",neutral
"Decent product for the price, no major complaints.",neutral
"Great value for money, works perfectly every time.",positive
"Best purchase I've made this year, super happy with it.",positive
"Absolutely love this product, works great and arrived fast! Ordered last week.",positive
"Great value for money, works perfectly every time.",positive
"Really impressed with the performance, five stars.",positive
"Superb build quality and fast delivery, very satisfied.",positive
"Horrible experience overall, requesting a refund.",negative
"Best purchase I've made this year, super happy with it.",positive
"Excellent quality, exceeded my expectations, highly recommend.",positive
"Acceptable quality, meets basic expectations.",neutral
"Excellent quality, exceeded my expectations, highly recommend.",positive
"Excellent quality, exceeded my expectations, highly recommend.",positive
"Great value for money, works perfectly every time.",positive
"Absolutely love this product, works great and arrived fast!",positive
"Neither great nor bad, just an average purchase.",neutral
"Really impressed with the performance, five stars.",positive
"Best purchase I've made this year, super happy with it. Second time buying.",positive
"The product is okay, does what it says nothing more. Ordered last week.",neutral
"Very disappointed, poor quality and slow shipping. Used it daily.",negative
"Works as described, packaging was standard.",neutral
"It does the job, delivery was on schedule.",neutral
"Very disappointed, poor quality and slow shipping.",negative
"Terrible product, broke after two days of use. Second time buying.",negative
"Really impressed with the performance, five stars. Second time buying.",positive
"Waste of money, does not work as advertised.",negative
"Great value for money, works perfectly every time.",positive
"Awful experience, customer service was unhelpful.",negative
"Great value for money, works perfectly every time.",positive
"It's fine, nothing special but does the job.",neutral
"It does the job, delivery was on schedule.",neutral
Fantastic customer service and the product is amazing. Bought for my family.,positive
"This exceeded expectations, will definitely buy again.",positive
"Works as described, packaging was standard.",neutral
"Absolutely love this product, works great and arrived fast!",positive
"Absolutely love this product, works great and arrived fast!",positive
"Not worth the price, stopped working within a week.",negative
"Terrible product, broke after two days of use. Ordered last week.",negative
"Superb build quality and fast delivery, very satisfied.",positive
"This exceeded expectations, will definitely buy again.",positive
"Horrible experience overall, requesting a refund. Bought for my family.",negative
"Horrible experience overall, requesting a refund.",negative
"Neither great nor bad, just an average purchase.",neutral
Fantastic customer service and the product is amazing.,positive
"Waste of money, does not work as advertised. Ordered last week.",negative
"It's fine, nothing special but does the job.",neutral
"Acceptable quality, meets basic expectations.",neutral
"Excellent quality, exceeded my expectations, highly recommend.",positive
"Neither great nor bad, just an average purchase.",neutral
"Excellent quality, exceeded my expectations, highly recommend.",positive
"Excellent quality, exceeded my expectations, highly recommend.",positive
"Works as described, packaging was standard.",neutral
"It's fine, nothing special but does the job.",neutral
"Best purchase I've made this year, super happy with it.",positive
"Waste of money, does not work as advertised.",negative
"Really impressed with the performance, five stars.",positive
"Great value for money, works perfectly every time.",positive
"It's fine, nothing special but does the job.",neutral
"Works as described, packaging was standard.",neutral
"Excellent quality, exceeded my expectations, highly recommend. Ordered last week.",positive
"Excellent quality, exceeded my expectations, highly recommend.",positive
"The product is okay, does what it says nothing more.",neutral
"Extremely poor quality, would not recommend to anyone. Bought for my family.",negative
"Acceptable quality, meets basic expectations.",neutral
"Extremely poor quality, would not recommend to anyone. Used it daily.",negative
"Absolutely love this product, works great and arrived fast!",positive
"Great value for money, works perfectly every time.",positive
"Works as described, packaging was standard.",neutral
"Very disappointed, poor quality and slow shipping.",negative
"Great value for money, works perfectly every time. Ordered last week.",positive
"Waste of money, does not work as advertised.",negative
Fantastic customer service and the product is amazing. Used it daily.,positive
"Superb build quality and fast delivery, very satisfied.",positive
"Horrible experience overall, requesting a refund.",negative
"Superb build quality and fast delivery, very satisfied.",positive
"This exceeded expectations, will definitely buy again.",positive
"Horrible experience overall, requesting a refund. Used it daily.",negative
"Absolutely love this product, works great and arrived fast! Second time buying.",positive
"This exceeded expectations, will definitely buy again. Used it daily.",positive
Fantastic customer service and the product is amazing.,positive
"This exceeded expectations, will definitely buy again. Bought for my family.",positive
"This exceeded expectations, will definitely buy again.",positive
"It's fine, nothing special but does the job.",neutral
"Really impressed with the performance, five stars.",positive
"Acceptable quality, meets basic expectations.",neutral
"It does the job, delivery was on schedule.",neutral
"Horrible experience overall, requesting a refund.",negative
Fantastic customer service and the product is amazing.,positive
"Acceptable quality, meets basic expectations. Ordered last week.",neutral
"It does the job, delivery was on schedule. Ordered last week.",neutral
"Terrible product, broke after two days of use.",negative
"This exceeded expectations, will definitely buy again. Second time buying.",positive
"Excellent quality, exceeded my expectations, highly recommend.",positive
"Great value for money, works perfectly every time.",positive
Product arrived damaged and support ignored my emails.,negative
"Terrible product, broke after two days of use.",negative
"Superb build quality and fast delivery, very satisfied. Bought for my family.",positive
"Best purchase I've made this year, super happy with it.",positive
"Best purchase I've made this year, super happy with it.",positive
"It does the job, delivery was on schedule. Bought for my family.",neutral
"Really impressed with the performance, five stars. Second time buying.",positive
"Decent product for the price, no major complaints.",neutral
"Decent product for the price, no major complaints. Bought for my family.",neutral
"This exceeded expectations, will definitely buy again. Bought for my family.",positive
"Average quality, arrived on time as expected.",neutral
"Works as described, packaging was standard.",neutral
"Really impressed with the performance, five stars.",positive
"Absolutely love this product, works great and arrived fast!",positive
"The product is okay, does what it says nothing more.",neutral
"Not worth the price, stopped working within a week.",negative
"This exceeded expectations, will definitely buy again.",positive
"Neither great nor bad, just an average purchase.",neutral
"Great value for money, works perfectly every time.",positive
"Very disappointed, poor quality and slow shipping.",negative
"Great value for money, works perfectly every time.",positive
"Really impressed with the performance, five stars. Bought for my family.",positive
"Extremely poor quality, would not recommend to anyone. Second time buying.",negative
"It does the job, delivery was on schedule.",neutral
"Awful experience, customer service was unhelpful.",negative
"Horrible experience overall, requesting a refund.",negative
"Excellent quality, exceeded my expectations, highly recommend. Second time buying.",positive
"Horrible experience overall, requesting a refund. Bought for my family.",negative
Product arrived damaged and support ignored my emails.,negative
"Terrible product, broke after two days of use.",negative
"Great value for money, works perfectly every time.",positive
"Absolutely love this product, works great and arrived fast!",positive
"Superb build quality and fast delivery, very satisfied.",positive
"Extremely poor quality, would not recommend to anyone.",negative
"Absolutely love this product, works great and arrived fast!",positive
Product arrived damaged and support ignored my emails.,negative
"It's fine, nothing special but does the job.",neutral
"Great value for money, works perfectly every time.",positive
"Awful experience, customer service was unhelpful.",negative
"Absolutely love this product, works great and arrived fast!",positive
"It's fine, nothing special but does the job.",neutral
"Works as described, packaging was standard.",neutral
"It does the job, delivery was on schedule.",neutral
"Absolutely love this product, works great and arrived fast!",positive
"Terrible product, broke after two days of use. Second time buying.",negative
"Horrible experience overall, requesting a refund. Second time buying.",negative
"Absolutely love this product, works great and arrived fast!",positive
"Great value for money, works perfectly every time.",positive
Fantastic customer service and the product is amazing.,positive
"Superb build quality and fast delivery, very satisfied. Second time buying.",positive
"Works as described, packaging was standard.",neutral
"Great value for money, works perfectly every time.",positive
"Best purchase I've made this year, super happy with it. Ordered last week.",positive
"Great value for money, works perfectly every time.",positive
"Absolutely love this product, works great and arrived fast!",positive
"Superb build quality and fast delivery, very satisfied.",positive
"Terrible product, broke after two days of use. Second time buying.",negative
Fantastic customer service and the product is amazing.,positive
"Acceptable quality, meets basic expectations. Second time buying.",neutral
"Not worth the price, stopped working within a week.",negative
"Absolutely love this product, works great and arrived fast! Second time buying.",positive
"It's fine, nothing special but does the job.",neutral
"Average quality, arrived on time as expected.",neutral
"Not worth the price, stopped working within a week.",negative
Product arrived damaged and support ignored my emails.,negative
"This exceeded expectations, will definitely buy again.",positive
Product arrived damaged and support ignored my emails.,negative
Fantastic customer service and the product is amazing.,positive
"Excellent quality, exceeded my expectations, highly recommend. Ordered last week.",positive
"Absolutely love this product, works great and arrived fast!",positive
"Best purchase I've made this year, super happy with it.",positive
"Terrible product, broke after two days of use.",negative
"Terrible product, broke after two days of use.",negative
"Horrible experience overall, requesting a refund.",negative
"Great value for money, works perfectly every time.",positive
Product arrived damaged and support ignored my emails.,negative
"It does the job, delivery was on schedule.",neutral
"Really impressed with the performance, five stars.",positive
Fantastic customer service and the product is amazing.,positive
"Works as described, packaging was standard.",neutral
"Best purchase I've made this year, super happy with it.",positive
"Terrible product, broke after two days of use.",negative
"The product is okay, does what it says nothing more.",neutral
"Great value for money, works perfectly every time.",positive
"The product is okay, does what it says nothing more.",neutral
"The product is okay, does what it says nothing more.",neutral
"Works as described, packaging was standard.",neutral
"Best purchase I've made this year, super happy with it.",positive
"Awful experience, customer service was unhelpful.",negative
"Decent product for the price, no major complaints. Used it daily.",neutral
"Waste of money, does not work as advertised.",negative
"Not worth the price, stopped working within a week. Used it daily.",negative
"Superb build quality and fast delivery, very satisfied. Ordered last week.",positive
"Awful experience, customer service was unhelpful.",negative
"Not worth the price, stopped working within a week.",negative
"Very disappointed, poor quality and slow shipping.",negative
"The product is okay, does what it says nothing more.",neutral
Product arrived damaged and support ignored my emails. Second time buying.,negative
"Works as described, packaging was standard.",neutral
"Absolutely love this product, works great and arrived fast!",positive
"Really impressed with the performance, five stars.",positive
"Really impressed with the performance, five stars. Ordered last week.",positive
"Excellent quality, exceeded my expectations, highly recommend.",positive
Fantastic customer service and the product is amazing. Used it daily.,positive
"Terrible product, broke after two days of use.",negative
"Very disappointed, poor quality and slow shipping. Bought for my family.",negative
"The product is okay, does what it says nothing more.",neutral
"Acceptable quality, meets basic expectations.",neutral
Fantastic customer service and the product is amazing.,positive
"Waste of money, does not work as advertised.",negative
Fantastic customer service and the product is amazing.,positive
"Acceptable quality, meets basic expectations.",neutral
"Neither great nor bad, just an average purchase.",neutral
"Neither great nor bad, just an average purchase. Used it daily.",neutral
"Neither great nor bad, just an average purchase. Bought for my family.",neutral
"Great value for money, works perfectly every time.",positive
"It does the job, delivery was on schedule.",neutral
"Decent product for the price, no major complaints. Bought for my family.",neutral
"Absolutely love this product, works great and arrived fast!",positive
"This exceeded expectations, will definitely buy again. Ordered last week.",positive
"Excellent quality, exceeded my expectations, highly recommend.",positive
"Terrible product, broke after two days of use.",negative
"Very disappointed, poor quality and slow shipping.",negative
Fantastic customer service and the product is amazing.,positive
"Neither great nor bad, just an average purchase. Used it daily.",neutral
Product arrived damaged and support ignored my emails.,negative
"Not worth the price, stopped working within a week.",negative
"Really impressed with the performance, five stars.",positive
Fantastic customer service and the product is amazing. Used it daily.,positive
Fantastic customer service and the product is amazing. Second time buying.,positive
"This exceeded expectations, will definitely buy again. Ordered last week.",positive
"It does the job, delivery was on schedule.",neutral
Product arrived damaged and support ignored my emails.,negative
"Absolutely love this product, works great and arrived fast! Used it daily.",positive
"Really impressed with the performance, five stars.",positive
"Extremely poor quality, would not recommend to anyone.",negative
"Terrible product, broke after two days of use.",negative
"Acceptable quality, meets basic expectations.",neutral
"The product is okay, does what it says nothing more.",neutral
"Horrible experience overall, requesting a refund. Second time buying.",negative
"Superb build quality and fast delivery, very satisfied.",positive
"Absolutely love this product, works great and arrived fast!",positive
"Waste of money, does not work as advertised.",negative
"Not worth the price, stopped working within a week.",negative
"Terrible product, broke after two days of use.",negative
"Superb build quality and fast delivery, very satisfied. Second time buying.",positive
"Very disappointed, poor quality and slow shipping.",negative
"Absolutely love this product, works great and arrived fast!",positive
"Really impressed with the performance, five stars.",positive
Fantastic customer service and the product is amazing.,positive
"Acceptable quality, meets basic expectations.",neutral
"Terrible product, broke after two days of use. Bought for my family.",negative
"This exceeded expectations, will definitely buy again.",positive
"Works as described, packaging was standard. Ordered last week.",neutral
Product arrived damaged and support ignored my emails. Ordered last week.,negative
"Best purchase I've made this year, super happy with it.",positive
"Very disappointed, poor quality and slow shipping. Used it daily.",negative
"Average quality, arrived on time as expected.",neutral
"Horrible experience overall, requesting a refund.",negative
"This exceeded expectations, will definitely buy again.",positive
"Best purchase I've made this year, super happy with it.",positive
"Extremely poor quality, would not recommend to anyone.",negative
"Extremely poor quality, would not recommend to anyone. Bought for my family.",negative
"Waste of money, does not work as advertised. Used it daily.",negative
"It does the job, delivery was on schedule.",neutral
Product arrived damaged and support ignored my emails.,negative
"Decent product for the price, no major complaints.",neutral
"Really impressed with the performance, five stars.",positive
"Horrible experience overall, requesting a refund. Bought for my family.",negative
"Horrible experience overall, requesting a refund.",negative
"It's fine, nothing special but does the job.",neutral
"It does the job, delivery was on schedule.",neutral
"Absolutely love this product, works great and arrived fast! Used it daily.",positive
"Really impressed with the performance, five stars.",positive
"Average quality, arrived on time as expected. Bought for my family.",neutral
"The product is okay, does what it says nothing more.",neutral
"This exceeded expectations, will definitely buy again.",positive
"Terrible product, broke after two days of use.",negative
Product arrived damaged and support ignored my emails. Second time buying.,negative
"Horrible experience overall, requesting a refund.",negative
"Horrible experience overall, requesting a refund.",negative
"Superb build quality and fast delivery, very satisfied. Bought for my family.",positive
"Very disappointed, poor quality and slow shipping.",negative
"Very disappointed, poor quality and slow shipping.",negative
"Not worth the price, stopped working within a week.",negative
"Great value for money, works perfectly every time. Second time buying.",positive
"Best purchase I've made this year, super happy with it.",positive
"Best purchase I've made this year, super happy with it. Ordered last week.",positive
"Best purchase I've made this year, super happy with it.",positive
"It does the job, delivery was on schedule.",neutral
"Great value for money, works perfectly every time. Second time buying.",positive
"This exceeded expectations, will definitely buy again.",positive
"Extremely poor quality, would not recommend to anyone.",negative
"Waste of money, does not work as advertised.",negative
"Awful experience, customer service was unhelpful.",negative
Fantastic customer service and the product is amazing.,positive
"Best purchase I've made this year, super happy with it. Bought for my family.",positive
"This exceeded expectations, will definitely buy again.",positive
"It's fine, nothing special but does the job.",neutral
"Extremely poor quality, would not recommend to anyone. Used it daily.",negative
