OrderDate,Region,AgeGroup,Gender,Category,Product,Quantity,UnitPrice,Revenue
2022-01-01,Central,46-55,Female,Home Decor,Cushion Set,2,1090.88,1963.58
2022-01-01,North,46-55,Male,Sports,Cricket Bat,4,1313.86,4729.89
2022-01-01,South,26-35,Female,Clothing,Jeans,3,894.73,2415.78
2022-01-01,Central,46-55,Female,Home Decor,Cushion Set,4,890.51,3205.84
2022-01-02,North,36-45,Male,Clothing,Sneakers,1,928.22,835.39
2022-01-02,East,56-65,Female,Groceries,Coffee Beans,4,357.93,1288.55
2022-01-02,South,18-25,Male,Groceries,Cooking Oil,1,293.38,264.04
2022-01-03,South,18-25,Female,Clothing,Jacket,5,794.95,3577.28
2022-01-03,Central,36-45,Female,Clothing,Sneakers,5,913.71,4111.67
2022-01-03,North,36-45,Female,Books,Self-Help Book,3,392.27,1059.12
2022-01-04,East,18-25,Female,Clothing,Jacket,2,1003.8,1806.85
2022-01-04,Central,26-35,Female,Electronics,Smart Watch,5,2832.95,12748.27
2022-01-04,West,36-45,Female,Home Decor,Wall Art,1,915.07,823.57
2022-01-04,East,18-25,Male,Clothing,T-Shirt,5,661.76,2977.94
2022-01-05,South,56-65,Male,Books,Fiction Novel,4,441.24,1588.48
2022-01-05,Central,56-65,Female,Sports,Dumbbell Set,3,1424.94,3847.34
2022-01-05,Central,36-45,Male,Electronics,Power Bank,1,2146.86,1932.17
2022-01-06,East,26-35,Female,Home Decor,Cushion Set,3,1479.87,3995.65
2022-01-06,Central,36-45,Female,Electronics,Power Bank,3,2662.94,7189.93
2022-01-06,North,26-35,Female,Sports,Yoga Mat,1,993.54,894.18
2022-01-07,West,26-35,Male,Beauty,Face Cream,3,869.37,2347.3
2022-01-07,East,46-55,Female,Clothing,T-Shirt,2,868.25,1562.84
2022-01-07,Central,18-25,Male,Sports,Cricket Bat,5,1476.25,6643.11
2022-01-07,Central,18-25,Female,Sports,Running Shoes,3,1791.62,4837.37
2022-01-08,West,46-55,Female,Electronics,Power Bank,3,1320.99,3566.68
2022-01-08,North,26-35,Male,Clothing,T-Shirt,1,585.7,527.13
2022-01-08,East,26-35,Male,Beauty,Perfume,2,415.58,748.04
2022-01-09,Central,36-45,Female,Groceries,Rice 5kg,3,338.81,914.79
2022-01-09,East,26-35,Female,Books,Cookbook,5,378.6,1703.71
2022-01-09,North,26-35,Male,Beauty,Face Cream,3,715.91,1932.96
2022-01-10,Central,36-45,Male,Clothing,Sneakers,4,901.43,3245.16
2022-01-10,South,26-35,Male,Clothing,Jacket,1,1197.73,1077.96
2022-01-10,Central,18-25,Female,Beauty,Perfume,4,768.87,2767.94
2022-01-11,West,26-35,Male,Home Decor,Wall Art,5,1376.38,6193.72
2022-01-11,West,26-35,Female,Home Decor,Wall Art,1,1070.57,963.51
2022-01-11,Central,46-55,Female,Sports,Running Shoes,1,1347.87,1213.08
2022-01-11,Central,36-45,Female,Sports,Running Shoes,5,1689.02,7600.61
2022-01-12,North,26-35,Female,Electronics,Smart Watch,2,2499.42,4498.96
2022-01-12,North,36-45,Male,Home Decor,Table Lamp,1,1431.95,1288.75
2022-01-12,South,56-65,Female,Electronics,Smart Watch,3,2605.41,7034.6
2022-01-13,West,26-35,Female,Books,Fiction Novel,3,494.45,1335.03
2022-01-13,Central,56-65,Male,Sports,Dumbbell Set,1,993.4,894.06
2022-01-13,North,36-45,Male,Clothing,T-Shirt,4,604.12,2174.82
2022-01-14,West,18-25,Female,Sports,Dumbbell Set,4,1511.56,5441.62
2022-01-14,East,36-45,Male,Electronics,Bluetooth Speaker,4,1476.87,5316.73
2022-01-14,West,46-55,Female,Books,Fiction Novel,5,390.77,1758.49
2022-01-14,Central,56-65,Male,Books,Self-Help Book,1,482.05,433.84
2022-01-15,South,36-45,Female,Books,Cookbook,5,441.95,1988.76
2022-01-15,East,36-45,Female,Clothing,Sneakers,1,885.15,796.64
2022-01-15,West,46-55,Female,Electronics,Wireless Earbuds,2,1231.82,2217.27
2022-01-16,South,26-35,Male,Home Decor,Wall Art,2,1072.77,1930.99
2022-01-16,West,36-45,Female,Electronics,Smart Watch,2,2697.47,4855.45
2022-01-16,North,18-25,Female,Sports,Cricket Bat,1,1741.62,1567.46
2022-01-17,South,26-35,Female,Beauty,Shampoo,5,517.89,2330.51
2022-01-17,East,56-65,Female,Electronics,Wireless Earbuds,2,1617.16,2910.88
2022-01-17,West,46-55,Female,Electronics,Bluetooth Speaker,5,2366.62,10649.78
2022-01-18,North,36-45,Female,Clothing,Jacket,4,706.16,2542.19
2022-01-18,East,46-55,Female,Clothing,Jacket,5,899.0,4045.5
2022-01-18,West,36-45,Male,Electronics,Wireless Earbuds,4,2890.41,10405.46
2022-01-18,Central,46-55,Female,Beauty,Perfume,2,625.86,1126.55
2022-01-19,West,46-55,Male,Electronics,Power Bank,4,2444.5,8800.21
2022-01-19,East,18-25,Male,Clothing,Jeans,5,991.2,4460.42
2022-01-19,East,46-55,Female,Groceries,Coffee Beans,2,411.16,740.08
2022-01-20,South,18-25,Male,Beauty,Lipstick,4,408.84,1471.82
2022-01-20,West,46-55,Male,Electronics,Smart Watch,5,2453.9,11042.55
2022-01-20,North,18-25,Female,Beauty,Face Cream,3,622.97,1682.02
2022-01-21,North,56-65,Female,Sports,Cricket Bat,2,1422.57,2560.62
2022-01-21,East,18-25,Male,Electronics,Smart Watch,2,1712.95,3083.31
2022-01-21,East,18-25,Female,Books,Fiction Novel,5,473.34,2130.03
2022-01-21,South,26-35,Female,Beauty,Shampoo,2,437.61,787.7
2022-01-22,North,18-25,Female,Groceries,Coffee Beans,5,290.12,1305.56
2022-01-22,West,26-35,Male,Electronics,Wireless Earbuds,3,2330.57,6292.53
2022-01-22,West,36-45,Female,Groceries,Snack Pack,2,385.25,693.44
2022-01-23,North,18-25,Male,Sports,Dumbbell Set,1,1616.39,1454.75
2022-01-23,South,65+,Female,Beauty,Face Cream,2,582.01,1047.61
2022-01-23,Central,18-25,Female,Groceries,Snack Pack,2,508.04,914.47
2022-01-24,South,36-45,Female,Electronics,Bluetooth Speaker,5,2122.21,9549.95
2022-01-24,West,46-55,Male,Sports,Cricket Bat,5,1818.8,8184.58
2022-01-24,South,18-25,Male,Books,Self-Help Book,4,415.01,1494.02
2022-01-24,East,26-35,Female,Beauty,Perfume,5,577.05,2596.73
2022-01-25,North,65+,Male,Groceries,Cooking Oil,3,362.27,978.14
2022-01-25,Central,46-55,Female,Clothing,Jacket,4,681.59,2453.73
2022-01-25,East,46-55,Male,Groceries,Rice 5kg,5,444.34,1999.53
2022-01-26,South,36-45,Female,Books,Self-Help Book,4,348.62,1255.03
2022-01-26,North,65+,Female,Books,Comic Book,3,464.75,1254.81
2022-01-26,East,46-55,Female,Books,Cookbook,1,546.5,491.85
2022-01-27,Central,18-25,Female,Home Decor,Table Lamp,3,1188.12,3207.91
2022-01-27,North,36-45,Male,Home Decor,Curtains,2,890.51,1602.92
2022-01-27,North,26-35,Female,Sports,Running Shoes,4,1305.01,4698.05
2022-01-28,Central,36-45,Female,Home Decor,Wall Art,4,1012.84,3646.22
2022-01-28,West,26-35,Male,Books,Cookbook,3,436.05,1177.34
2022-01-28,South,36-45,Male,Books,Comic Book,4,454.68,1636.83
2022-01-28,Central,26-35,Male,Clothing,T-Shirt,5,1017.27,4577.71
2022-01-29,West,18-25,Female,Groceries,Coffee Beans,2,427.4,769.32
2022-01-29,East,36-45,Female,Home Decor,Wall Art,4,1291.06,4647.83
2022-01-29,North,26-35,Female,Groceries,Rice 5kg,2,380.29,684.53
2022-01-30,South,26-35,Female,Beauty,Shampoo,2,823.34,1482.02
2022-01-30,Central,26-35,Male,Beauty,Lipstick,2,605.96,1090.73
2022-01-30,West,18-25,Male,Groceries,Coffee Beans,5,261.44,1176.49
2022-01-31,North,26-35,Male,Groceries,Rice 5kg,5,282.71,1272.19
2022-01-31,West,26-35,Female,Groceries,Coffee Beans,2,386.86,696.35
2022-01-31,South,46-55,Female,Clothing,Jacket,4,628.87,2263.93
2022-01-31,Central,26-35,Male,Books,Cookbook,1,371.68,334.52
2022-02-01,West,26-35,Male,Clothing,Jeans,4,883.12,3179.22
2022-02-01,East,36-45,Male,Groceries,Rice 5kg,2,480.67,865.21
2022-02-01,South,26-35,Male,Clothing,Sneakers,1,766.36,689.73
2022-02-02,West,26-35,Male,Sports,Dumbbell Set,1,1575.0,1417.5
2022-02-02,East,56-65,Male,Sports,Dumbbell Set,4,1335.37,4807.34
2022-02-02,West,26-35,Male,Sports,Dumbbell Set,2,1097.14,1974.86
2022-02-03,North,26-35,Male,Groceries,Rice 5kg,4,360.57,1298.05
2022-02-03,North,26-35,Female,Electronics,Smart Watch,5,2081.33,9365.99
2022-02-03,North,36-45,Female,Electronics,Smart Watch,1,2263.02,2036.71
2022-02-04,West,26-35,Male,Clothing,Sneakers,4,982.88,3538.37
2022-02-04,Central,18-25,Female,Groceries,Cooking Oil,5,331.84,1493.27
2022-02-04,North,36-45,Female,Books,Self-Help Book,4,498.41,1794.28
2022-02-04,Central,56-65,Male,Clothing,T-Shirt,1,1069.66,962.69
2022-02-05,Central,56-65,Female,Electronics,Power Bank,5,1629.57,7333.05
2022-02-05,West,36-45,Male,Books,Comic Book,5,607.32,2732.93
2022-02-05,East,18-25,Male,Clothing,Jeans,4,775.0,2789.99
2022-02-06,Central,46-55,Male,Groceries,Snack Pack,2,295.93,532.68
2022-02-06,North,26-35,Female,Electronics,Bluetooth Speaker,3,2374.69,6411.66
2022-02-06,Central,46-55,Male,Clothing,Jeans,5,1004.52,4520.34
2022-02-07,West,26-35,Male,Electronics,Wireless Earbuds,1,1936.06,1742.46
2022-02-07,South,26-35,Female,Books,Comic Book,5,484.29,2179.3
2022-02-07,North,46-55,Female,Books,Self-Help Book,1,438.79,394.91
2022-02-07,East,56-65,Female,Electronics,Bluetooth Speaker,1,2337.53,2103.77
2022-02-08,West,26-35,Female,Sports,Cricket Bat,4,1771.87,6378.74
2022-02-08,South,46-55,Female,Sports,Cricket Bat,4,1902.96,6850.66
2022-02-08,West,46-55,Male,Clothing,Jeans,2,864.33,1555.79
2022-02-09,West,26-35,Female,Beauty,Shampoo,4,640.42,2305.52
2022-02-09,Central,26-35,Male,Groceries,Rice 5kg,2,384.52,692.14
2022-02-09,South,26-35,Male,Electronics,Power Bank,1,1798.87,1618.98
2022-02-10,South,46-55,Female,Groceries,Cooking Oil,5,368.21,1656.93
2022-02-10,East,18-25,Male,Home Decor,Cushion Set,1,1251.31,1126.18
2022-02-10,Central,18-25,Female,Groceries,Coffee Beans,3,506.7,1368.09
2022-02-11,North,36-45,Male,Sports,Yoga Mat,2,1462.67,2632.81
2022-02-11,South,46-55,Male,Electronics,Smart Watch,3,1475.66,3984.28
2022-02-11,South,18-25,Female,Beauty,Perfume,2,625.51,1125.91
2022-02-11,East,65+,Female,Electronics,Wireless Earbuds,3,2040.85,5510.28
2022-02-12,East,46-55,Female,Clothing,Jacket,3,836.57,2258.75
2022-02-12,North,36-45,Female,Home Decor,Wall Art,3,1109.25,2994.99
2022-02-12,Central,18-25,Female,Home Decor,Curtains,3,1693.78,4573.22
2022-02-13,South,26-35,Female,Groceries,Cooking Oil,3,396.99,1071.88
2022-02-13,North,46-55,Female,Home Decor,Table Lamp,5,1364.23,6139.03
2022-02-13,North,56-65,Male,Clothing,Jacket,5,978.1,4401.46
2022-02-14,North,36-45,Male,Clothing,Jacket,5,766.55,3449.48
2022-02-14,East,36-45,Female,Electronics,Wireless Earbuds,4,2735.46,9847.64
2022-02-14,South,65+,Female,Electronics,Power Bank,4,1406.93,5064.94
2022-02-14,South,46-55,Male,Sports,Dumbbell Set,1,899.34,809.41
2022-02-15,East,36-45,Male,Electronics,Smart Watch,3,2062.0,5567.41
2022-02-15,South,18-25,Female,Electronics,Wireless Earbuds,2,2186.96,3936.54
2022-02-15,South,36-45,Female,Groceries,Rice 5kg,2,302.65,544.76
2022-02-16,West,26-35,Male,Clothing,Sneakers,3,916.55,2474.69
2022-02-16,Central,56-65,Male,Groceries,Rice 5kg,2,509.64,917.35
2022-02-16,North,26-35,Male,Clothing,Jeans,4,699.52,2518.28
2022-02-17,West,36-45,Female,Electronics,Smart Watch,1,2883.77,2595.39
2022-02-17,North,56-65,Female,Books,Fiction Novel,1,274.33,246.9
2022-02-17,Central,18-25,Male,Clothing,T-Shirt,5,1151.13,5180.11
2022-02-17,East,26-35,Female,Electronics,Smart Watch,3,2437.41,6581.01
2022-02-18,Central,18-25,Female,Books,Cookbook,5,391.6,1762.19
2022-02-18,Central,65+,Male,Sports,Running Shoes,2,1040.0,1872.0
2022-02-18,Central,26-35,Male,Beauty,Lipstick,5,522.57,2351.57
2022-02-19,West,36-45,Male,Clothing,T-Shirt,3,879.94,2375.85
2022-02-19,North,18-25,Female,Groceries,Snack Pack,4,436.53,1571.52
2022-02-19,Central,26-35,Female,Books,Self-Help Book,2,435.18,783.33
2022-02-20,West,26-35,Male,Clothing,Jacket,2,918.79,1653.82
2022-02-20,North,46-55,Male,Electronics,Smart Watch,4,1883.95,6782.23
2022-02-20,North,26-35,Female,Home Decor,Cushion Set,3,1190.76,3215.05
2022-02-21,West,36-45,Female,Clothing,Sneakers,1,748.83,673.95
2022-02-21,Central,26-35,Female,Electronics,Bluetooth Speaker,2,1769.38,3184.89
2022-02-21,South,36-45,Male,Beauty,Shampoo,5,550.44,2476.96
2022-02-21,East,36-45,Male,Electronics,Power Bank,4,2551.31,9184.73
2022-02-22,North,18-25,Female,Clothing,Sneakers,3,795.79,2148.64
2022-02-22,South,18-25,Female,Clothing,Sneakers,1,1108.66,997.8
2022-02-22,South,46-55,Female,Groceries,Coffee Beans,1,524.04,471.64
2022-02-23,Central,36-45,Female,Beauty,Shampoo,1,745.25,670.73
2022-02-23,South,18-25,Male,Electronics,Power Bank,1,2248.2,2023.38
2022-02-23,North,56-65,Male,Electronics,Smart Watch,2,2581.88,4647.38
2022-02-24,West,36-45,Male,Electronics,Bluetooth Speaker,3,2986.34,8063.12
2022-02-24,South,36-45,Female,Electronics,Power Bank,5,2007.58,9034.09
2022-02-24,East,18-25,Male,Home Decor,Cushion Set,5,926.02,4167.08
2022-02-24,West,46-55,Female,Electronics,Smart Watch,4,2492.5,8973.01
2022-02-25,North,56-65,Male,Electronics,Bluetooth Speaker,5,3217.64,14479.39
2022-02-25,East,26-35,Male,Sports,Cricket Bat,3,1530.63,4132.71
2022-02-25,North,46-55,Female,Groceries,Coffee Beans,3,448.6,1211.21
2022-02-26,South,26-35,Female,Beauty,Perfume,5,604.29,2719.31
2022-02-26,North,65+,Female,Electronics,Wireless Earbuds,3,2507.63,6770.6
2022-02-26,East,26-35,Female,Groceries,Rice 5kg,5,300.54,1352.44
2022-02-27,North,26-35,Female,Electronics,Bluetooth Speaker,5,1589.67,7153.52
2022-02-27,East,26-35,Male,Books,Comic Book,5,441.28,1985.76
2022-02-27,North,36-45,Male,Books,Comic Book,5,411.56,1852.03
2022-02-28,East,36-45,Male,Electronics,Smart Watch,1,2185.97,1967.38
2022-02-28,East,26-35,Female,Electronics,Power Bank,3,1951.18,5268.2
2022-02-28,North,56-65,Male,Books,Comic Book,5,558.16,2511.74
2022-02-28,Central,26-35,Female,Groceries,Snack Pack,5,327.73,1474.78
2022-03-01,South,36-45,Male,Books,Cookbook,5,509.79,2548.94
2022-03-01,East,26-35,Female,Sports,Running Shoes,2,1695.91,3391.81
2022-03-01,West,18-25,Female,Clothing,Jeans,4,713.87,2855.48
2022-03-02,Central,46-55,Female,Beauty,Face Cream,1,490.64,490.64
2022-03-02,Central,56-65,Male,Clothing,Jacket,4,872.08,3488.32
2022-03-02,East,26-35,Female,Clothing,T-Shirt,1,883.21,883.21
2022-03-03,Central,18-25,Female,Sports,Cricket Bat,1,1451.75,1451.75
2022-03-03,North,36-45,Male,Electronics,Power Bank,3,2403.48,7210.43
2022-03-03,West,26-35,Female,Clothing,Sneakers,2,1263.76,2527.52
2022-03-03,South,46-55,Male,Beauty,Perfume,2,554.14,1108.28
2022-03-04,East,56-65,Female,Groceries,Coffee Beans,4,223.41,893.63
2022-03-04,Central,18-25,Female,Electronics,Wireless Earbuds,2,1885.22,3770.43
2022-03-04,North,26-35,Female,Electronics,Bluetooth Speaker,1,1730.93,1730.93
2022-03-05,South,18-25,Female,Home Decor,Table Lamp,5,1356.34,6781.69
2022-03-05,North,36-45,Male,Home Decor,Wall Art,4,1336.51,5346.03
2022-03-05,South,36-45,Female,Sports,Dumbbell Set,1,1675.0,1675.0
2022-03-06,West,26-35,Female,Sports,Running Shoes,5,905.13,4525.63
2022-03-06,East,46-55,Female,Groceries,Coffee Beans,1,331.39,331.39
2022-03-06,East,56-65,Female,Books,Comic Book,3,350.19,1050.57
2022-03-07,Central,26-35,Female,Clothing,Sneakers,4,775.76,3103.03
2022-03-07,Central,18-25,Male,Beauty,Perfume,5,414.03,2070.15
2022-03-07,East,18-25,Male,Electronics,Power Bank,3,2411.77,7235.31
2022-03-07,South,36-45,Male,Clothing,Jacket,5,1108.41,5542.07
2022-03-08,East,18-25,Female,Clothing,Jacket,2,1164.73,2329.46
2022-03-08,Central,36-45,Male,Electronics,Smart Watch,2,2273.09,4546.19
2022-03-08,Central,18-25,Male,Clothing,Jeans,1,899.97,899.97
2022-03-09,North,36-45,Male,Groceries,Rice 5kg,2,305.13,610.27
2022-03-09,Central,18-25,Female,Books,Fiction Novel,3,657.83,1973.48
2022-03-09,West,18-25,Male,Groceries,Rice 5kg,5,266.97,1334.85
2022-03-10,West,56-65,Male,Beauty,Shampoo,1,533.91,533.91
2022-03-10,South,26-35,Female,Electronics,Smart Watch,3,2178.18,6534.54
2022-03-10,North,26-35,Male,Beauty,Perfume,2,660.57,1321.13
2022-03-10,East,46-55,Male,Home Decor,Wall Art,4,1382.19,5528.75
2022-03-11,East,56-65,Female,Electronics,Wireless Earbuds,3,1984.78,5954.33
2022-03-11,South,36-45,Male,Groceries,Cooking Oil,3,295.29,885.86
2022-03-11,East,36-45,Female,Clothing,Jeans,5,1090.65,5453.24
2022-03-12,Central,36-45,Male,Groceries,Snack Pack,5,372.3,1861.48
2022-03-12,Central,26-35,Male,Electronics,Smart Watch,5,2770.49,13852.46
2022-03-12,North,46-55,Male,Groceries,Coffee Beans,1,275.89,275.89
2022-03-13,South,18-25,Male,Sports,Dumbbell Set,5,2202.31,11011.56
2022-03-13,East,26-35,Female,Electronics,Smart Watch,3,2127.71,6383.12
2022-03-13,Central,18-25,Female,Beauty,Shampoo,3,403.11,1209.34
2022-03-13,North,36-45,Male,Beauty,Perfume,5,555.27,2776.34
2022-03-14,East,26-35,Male,Clothing,Sneakers,5,572.68,2863.41
2022-03-14,North,46-55,Male,Clothing,Jacket,2,939.46,1878.91
2022-03-14,Central,26-35,Female,Beauty,Perfume,1,590.15,590.15
2022-03-15,West,18-25,Male,Beauty,Lipstick,4,627.24,2508.95
2022-03-15,West,56-65,Female,Beauty,Lipstick,5,740.85,3704.24
2022-03-15,West,18-25,Female,Electronics,Smart Watch,2,2563.02,5126.04
2022-03-16,East,65+,Female,Home Decor,Table Lamp,2,782.04,1564.07
2022-03-16,North,56-65,Male,Clothing,Sneakers,1,885.54,885.54
2022-03-16,East,36-45,Female,Beauty,Face Cream,4,560.6,2242.39
2022-03-17,East,18-25,Male,Electronics,Bluetooth Speaker,3,1541.16,4623.49
2022-03-17,West,18-25,Female,Books,Comic Book,2,470.4,940.8
2022-03-17,East,18-25,Female,Electronics,Power Bank,5,1902.56,9512.82
2022-03-17,East,46-55,Male,Groceries,Cooking Oil,5,434.87,2174.37
2022-03-18,North,46-55,Female,Clothing,Sneakers,5,876.43,4382.13
2022-03-18,North,26-35,Male,Sports,Yoga Mat,3,1222.28,3666.83
2022-03-18,West,26-35,Female,Beauty,Lipstick,4,727.5,2910.02
2022-03-19,South,36-45,Female,Groceries,Coffee Beans,2,281.11,562.21
2022-03-19,East,26-35,Female,Electronics,Smart Watch,5,3092.34,15461.68
2022-03-19,West,56-65,Female,Clothing,Sneakers,2,773.09,1546.18
2022-03-20,West,65+,Female,Groceries,Snack Pack,1,403.95,403.95
2022-03-20,West,36-45,Male,Books,Self-Help Book,5,386.23,1931.15
2022-03-20,South,36-45,Male,Books,Self-Help Book,4,530.46,2121.84
2022-03-20,West,46-55,Male,Electronics,Power Bank,4,2424.25,9696.99
2022-03-21,North,36-45,Female,Books,Cookbook,3,586.51,1759.53
2022-03-21,South,46-55,Male,Groceries,Cooking Oil,3,461.41,1384.23
2022-03-21,North,36-45,Female,Clothing,T-Shirt,4,1080.56,4322.23
2022-03-22,North,46-55,Male,Beauty,Face Cream,2,536.31,1072.62
2022-03-22,South,36-45,Male,Clothing,Jeans,3,736.75,2210.25
2022-03-22,West,26-35,Male,Home Decor,Wall Art,4,818.44,3273.75
2022-03-23,East,36-45,Female,Home Decor,Table Lamp,1,579.47,579.47
2022-03-23,South,18-25,Female,Clothing,T-Shirt,4,946.39,3785.54
2022-03-23,North,36-45,Female,Clothing,T-Shirt,1,860.44,860.44
2022-03-24,South,36-45,Male,Electronics,Wireless Earbuds,1,2756.03,2756.03
2022-03-24,West,65+,Male,Clothing,Jeans,2,862.08,1724.16
2022-03-24,East,26-35,Male,Electronics,Smart Watch,2,1864.95,3729.89
2022-03-24,North,26-35,Male,Books,Comic Book,5,336.06,1680.32
2022-03-25,Central,65+,Female,Home Decor,Table Lamp,4,1243.74,4974.97
2022-03-25,South,36-45,Male,Clothing,Jacket,5,1064.27,5321.35
2022-03-25,North,46-55,Male,Groceries,Coffee Beans,3,269.07,807.2
2022-03-26,West,36-45,Male,Clothing,Jeans,3,722.63,2167.89
2022-03-26,West,26-35,Female,Groceries,Snack Pack,1,390.03,390.03
2022-03-26,Central,46-55,Male,Clothing,T-Shirt,5,514.99,2574.96
2022-03-27,North,46-55,Female,Home Decor,Cushion Set,4,1827.2,7308.79
2022-03-27,Central,26-35,Female,Books,Cookbook,4,463.47,1853.86
2022-03-27,South,18-25,Male,Clothing,T-Shirt,3,1409.2,4227.61
2022-03-27,Central,46-55,Male,Groceries,Cooking Oil,4,461.29,1845.16
2022-03-28,East,18-25,Male,Clothing,T-Shirt,2,503.5,1007.0
2022-03-28,West,56-65,Female,Electronics,Power Bank,3,2152.04,6456.12
2022-03-28,South,36-45,Female,Groceries,Snack Pack,1,295.42,295.42
2022-03-29,Central,26-35,Male,Clothing,Jeans,2,662.25,1324.5
2022-03-29,Central,56-65,Female,Electronics,Wireless Earbuds,4,1805.18,7220.71
2022-03-29,North,18-25,Female,Electronics,Smart Watch,2,2412.54,4825.08
2022-03-30,East,65+,Male,Beauty,Shampoo,4,559.88,2239.52
2022-03-30,North,18-25,Female,Home Decor,Curtains,5,1060.92,5304.61
2022-03-30,North,36-45,Male,Electronics,Power Bank,3,2136.34,6409.02
2022-03-31,South,46-55,Female,Books,Cookbook,3,376.8,1130.41
2022-03-31,West,65+,Female,Groceries,Rice 5kg,4,325.54,1302.16
2022-03-31,South,18-25,Male,Groceries,Cooking Oil,1,155.38,155.38
2022-03-31,West,56-65,Male,Beauty,Shampoo,4,574.26,2297.04
2022-04-01,East,26-35,Male,Groceries,Snack Pack,3,365.59,1096.77
2022-04-01,South,36-45,Female,Electronics,Power Bank,4,2314.11,9256.43
2022-04-01,North,26-35,Male,Books,Comic Book,2,497.76,995.52
2022-04-02,Central,46-55,Female,Sports,Cricket Bat,1,1353.79,1353.79
2022-04-02,Central,36-45,Male,Sports,Yoga Mat,2,1584.7,3169.4
2022-04-02,Central,26-35,Female,Home Decor,Wall Art,1,1191.66,1191.66
2022-04-03,Central,36-45,Female,Electronics,Bluetooth Speaker,5,1801.06,9005.32
2022-04-03,West,36-45,Female,Clothing,T-Shirt,1,828.18,828.18
2022-04-03,West,26-35,Male,Home Decor,Wall Art,1,1629.33,1629.33
2022-04-03,West,36-45,Male,Groceries,Rice 5kg,1,539.39,539.39
2022-04-04,North,26-35,Male,Electronics,Bluetooth Speaker,3,2536.69,7610.08
2022-04-04,Central,18-25,Male,Clothing,Jacket,1,775.58,775.58
2022-04-04,East,26-35,Female,Home Decor,Wall Art,3,851.78,2555.35
2022-04-05,Central,26-35,Female,Sports,Dumbbell Set,1,1472.61,1472.61
2022-04-05,West,56-65,Female,Clothing,Sneakers,4,1437.88,5751.54
2022-04-05,Central,36-45,Female,Groceries,Coffee Beans,2,448.49,896.98
2022-04-06,West,46-55,Male,Clothing,Jacket,1,822.73,822.73
2022-04-06,East,65+,Female,Groceries,Snack Pack,5,412.79,2063.93
2022-04-06,West,26-35,Male,Books,Fiction Novel,2,449.45,898.89
2022-04-06,South,18-25,Male,Sports,Dumbbell Set,2,1173.01,2346.03
2022-04-07,North,26-35,Male,Books,Fiction Novel,5,368.36,1841.82
2022-04-07,East,26-35,Male,Home Decor,Wall Art,5,1212.03,6060.17
2022-04-07,North,26-35,Female,Groceries,Coffee Beans,2,481.48,962.96
2022-04-08,East,26-35,Male,Electronics,Power Bank,2,2137.96,4275.92
2022-04-08,South,36-45,Female,Clothing,Jacket,3,1047.85,3143.56
2022-04-08,East,26-35,Male,Sports,Cricket Bat,4,1506.36,6025.43
2022-04-09,Central,36-45,Female,Sports,Cricket Bat,4,1625.8,6503.22
2022-04-09,South,26-35,Female,Books,Self-Help Book,1,434.05,434.05
2022-04-09,West,46-55,Female,Electronics,Smart Watch,4,2182.05,8728.19
2022-04-10,Central,18-25,Female,Home Decor,Table Lamp,1,1144.79,1144.79
2022-04-10,North,36-45,Female,Groceries,Cooking Oil,2,322.37,644.74
2022-04-10,West,26-35,Female,Home Decor,Curtains,4,995.72,3982.88
2022-04-10,North,65+,Female,Books,Self-Help Book,3,477.83,1433.49
2022-04-11,East,36-45,Male,Groceries,Snack Pack,2,359.37,718.74
2022-04-11,West,26-35,Female,Clothing,Jeans,1,735.3,735.3
2022-04-11,North,65+,Female,Clothing,Jacket,2,861.49,1722.98
2022-04-12,North,56-65,Male,Clothing,Jeans,5,749.38,3746.89
2022-04-12,South,18-25,Female,Groceries,Snack Pack,4,310.58,1242.31
2022-04-12,West,18-25,Female,Sports,Running Shoes,2,1564.14,3128.28
2022-04-13,South,26-35,Female,Books,Self-Help Book,5,438.56,2192.82
2022-04-13,South,65+,Female,Clothing,Sneakers,2,830.31,1660.63
2022-04-13,West,18-25,Female,Groceries,Rice 5kg,5,261.03,1305.14
2022-04-13,North,56-65,Female,Books,Comic Book,2,398.35,796.7
2022-04-14,South,18-25,Male,Sports,Running Shoes,3,1957.0,5870.99
2022-04-14,West,36-45,Male,Groceries,Rice 5kg,3,228.79,686.37
2022-04-14,East,18-25,Male,Groceries,Rice 5kg,2,356.96,713.92
2022-04-15,West,18-25,Female,Clothing,T-Shirt,2,825.69,1651.37
2022-04-15,South,26-35,Female,Clothing,Jeans,3,1006.2,3018.59
2022-04-15,Central,26-35,Female,Beauty,Lipstick,3,653.98,1961.93
2022-04-16,Central,18-25,Female,Clothing,Jacket,2,961.1,1922.2
2022-04-16,South,56-65,Female,Home Decor,Table Lamp,3,1495.11,4485.34
2022-04-16,Central,18-25,Female,Electronics,Power Bank,2,2238.23,4476.47
2022-04-17,Central,46-55,Female,Beauty,Face Cream,2,677.95,1355.91
2022-04-17,North,65+,Male,Groceries,Cooking Oil,1,395.38,395.38
2022-04-17,North,36-45,Male,Clothing,Jacket,1,780.76,780.76
2022-04-17,South,56-65,Male,Books,Fiction Novel,4,522.68,2090.74
2022-04-18,Central,36-45,Male,Sports,Cricket Bat,2,1288.19,2576.38
2022-04-18,South,18-25,Male,Beauty,Perfume,5,515.51,2577.54
2022-04-18,East,26-35,Male,Clothing,Jacket,5,1108.17,5540.86
2022-04-19,North,26-35,Male,Electronics,Bluetooth Speaker,5,2631.68,13158.42
2022-04-19,Central,18-25,Female,Groceries,Cooking Oil,2,405.85,811.7
2022-04-19,Central,46-55,Male,Electronics,Power Bank,1,2805.26,2805.26
2022-04-20,West,26-35,Female,Home Decor,Table Lamp,2,935.39,1870.78
2022-04-20,North,56-65,Female,Clothing,Jeans,5,1107.08,5535.4
2022-04-20,East,26-35,Male,Books,Comic Book,2,491.03,982.06
2022-04-20,East,65+,Female,Clothing,Jeans,2,708.22,1416.43
2022-04-21,West,46-55,Male,Electronics,Wireless Earbuds,5,1584.89,7924.45
2022-04-21,Central,26-35,Female,Books,Fiction Novel,3,243.2,729.59
2022-04-21,East,46-55,Male,Electronics,Bluetooth Speaker,4,2167.16,8668.64
2022-04-22,South,26-35,Male,Beauty,Lipstick,5,623.99,3119.93
2022-04-22,South,36-45,Female,Books,Comic Book,5,550.99,2754.96
2022-04-22,West,36-45,Female,Sports,Dumbbell Set,5,1532.93,7664.64
2022-04-23,West,26-35,Male,Books,Comic Book,3,376.55,1129.64
2022-04-23,North,65+,Male,Home Decor,Curtains,5,1062.49,5312.45
2022-04-23,East,18-25,Female,Beauty,Shampoo,5,668.17,3340.85
2022-04-24,Central,36-45,Male,Books,Fiction Novel,1,477.65,477.65
2022-04-24,Central,26-35,Male,Books,Self-Help Book,4,326.99,1307.94
2022-04-24,East,26-35,Male,Clothing,Jeans,1,1091.16,1091.16
2022-04-24,North,46-55,Female,Clothing,Jeans,3,1083.69,3251.08
2022-04-25,South,46-55,Female,Clothing,Jacket,3,1052.35,3157.05
2022-04-25,East,56-65,Female,Groceries,Coffee Beans,2,365.81,731.63
2022-04-25,North,65+,Male,Books,Cookbook,3,309.24,927.71
2022-04-26,Central,36-45,Male,Sports,Dumbbell Set,5,2109.67,10548.36
2022-04-26,West,56-65,Female,Groceries,Rice 5kg,4,500.86,2003.45
2022-04-26,East,36-45,Male,Groceries,Cooking Oil,5,397.0,1985.02
2022-04-27,Central,18-25,Male,Books,Comic Book,4,358.05,1432.18
2022-04-27,South,36-45,Female,Sports,Running Shoes,5,1662.07,8310.37
2022-04-27,East,56-65,Female,Clothing,Jeans,2,1083.01,2166.01
2022-04-27,South,36-45,Male,Clothing,T-Shirt,4,888.74,3554.96
2022-04-28,South,46-55,Female,Sports,Running Shoes,4,1453.88,5815.52
2022-04-28,Central,36-45,Male,Sports,Dumbbell Set,5,1484.32,7421.58
2022-04-28,West,26-35,Female,Electronics,Power Bank,3,2784.79,8354.36
2022-04-29,West,46-55,Female,Electronics,Wireless Earbuds,1,2161.79,2161.79
2022-04-29,Central,56-65,Female,Sports,Dumbbell Set,3,2129.8,6389.39
2022-04-29,North,36-45,Male,Groceries,Coffee Beans,2,326.86,653.72
2022-04-30,North,36-45,Female,Groceries,Coffee Beans,4,325.77,1303.08
2022-04-30,Central,36-45,Male,Beauty,Lipstick,5,517.86,2589.32
2022-04-30,South,36-45,Male,Sports,Yoga Mat,5,920.78,4603.91
2022-04-30,West,26-35,Male,Groceries,Cooking Oil,5,339.75,1698.75
2022-05-01,North,26-35,Female,Clothing,Sneakers,5,966.63,4833.17
2022-05-01,East,46-55,Male,Clothing,Jacket,4,872.27,3489.06
2022-05-01,Central,18-25,Female,Clothing,Jeans,1,1178.51,1178.51
2022-05-02,Central,46-55,Male,Groceries,Cooking Oil,3,315.13,945.4
2022-05-02,West,26-35,Male,Books,Self-Help Book,1,532.45,532.45
2022-05-02,West,46-55,Female,Sports,Dumbbell Set,1,1398.89,1398.89
2022-05-03,Central,36-45,Male,Groceries,Rice 5kg,3,272.77,818.32
2022-05-03,West,18-25,Female,Home Decor,Wall Art,4,1529.36,6117.43
2022-05-03,North,36-45,Female,Electronics,Bluetooth Speaker,2,2266.45,4532.9
2022-05-04,North,65+,Male,Electronics,Smart Watch,2,2249.43,4498.87
2022-05-04,South,26-35,Female,Clothing,Jeans,4,870.24,3480.95
2022-05-04,Central,36-45,Male,Sports,Dumbbell Set,2,1086.1,2172.21
2022-05-04,South,56-65,Female,Electronics,Power Bank,1,2515.8,2515.8
2022-05-05,North,18-25,Female,Books,Cookbook,4,549.09,2196.38
2022-05-05,Central,26-35,Male,Clothing,Jacket,3,1208.36,3625.09
2022-05-05,North,18-25,Male,Home Decor,Table Lamp,4,1200.28,4801.1
2022-05-06,West,36-45,Male,Books,Self-Help Book,1,346.61,346.61
2022-05-06,South,26-35,Female,Electronics,Smart Watch,1,2555.78,2555.78
2022-05-06,West,26-35,Female,Books,Comic Book,2,382.19,764.38
2022-05-07,East,56-65,Male,Groceries,Cooking Oil,1,311.21,311.21
2022-05-07,South,46-55,Female,Beauty,Lipstick,5,663.46,3317.29
2022-05-07,West,56-65,Female,Clothing,Sneakers,1,728.75,728.75
2022-05-07,Central,46-55,Female,Electronics,Wireless Earbuds,1,2838.55,2838.55
2022-05-08,North,36-45,Male,Books,Fiction Novel,4,342.96,1371.82
2022-05-08,Central,36-45,Male,Groceries,Snack Pack,3,303.96,911.87
2022-05-08,Central,46-55,Male,Electronics,Bluetooth Speaker,5,2885.39,14426.95
2022-05-09,East,46-55,Male,Home Decor,Wall Art,2,1615.12,3230.23
2022-05-09,West,26-35,Female,Groceries,Coffee Beans,1,490.0,490.0
2022-05-09,Central,46-55,Female,Electronics,Wireless Earbuds,4,2554.46,10217.84
2022-05-10,East,56-65,Female,Electronics,Power Bank,3,2138.65,6415.95
2022-05-10,North,36-45,Male,Clothing,T-Shirt,3,1185.53,3556.59
2022-05-10,West,26-35,Male,Clothing,Sneakers,3,913.96,2741.88
2022-05-11,South,36-45,Female,Sports,Running Shoes,5,1864.1,9320.52
2022-05-11,South,56-65,Female,Books,Self-Help Book,2,381.11,762.22
2022-05-11,West,46-55,Female,Beauty,Lipstick,3,719.06,2157.17
2022-05-11,Central,46-55,Male,Electronics,Wireless Earbuds,1,1509.93,1509.93
2022-05-12,West,18-25,Female,Home Decor,Table Lamp,5,1365.97,6829.83
2022-05-12,West,36-45,Male,Beauty,Perfume,2,898.69,1797.38
2022-05-12,West,46-55,Female,Electronics,Wireless Earbuds,5,2483.6,12418.01
2022-05-13,South,56-65,Female,Beauty,Perfume,5,633.25,3166.25
2022-05-13,West,46-55,Female,Sports,Yoga Mat,5,1361.3,6806.5
2022-05-13,South,56-65,Female,Groceries,Coffee Beans,5,392.7,1963.49
2022-05-14,South,26-35,Female,Sports,Cricket Bat,1,1757.09,1757.09
2022-05-14,South,18-25,Male,Clothing,Jacket,2,853.01,1706.03
2022-05-14,East,36-45,Female,Electronics,Power Bank,1,1897.59,1897.59
2022-05-14,Central,56-65,Female,Beauty,Face Cream,1,570.25,570.25
2022-05-15,North,36-45,Male,Groceries,Cooking Oil,5,350.42,1752.12
2022-05-15,North,56-65,Female,Groceries,Cooking Oil,5,361.19,1805.96
2022-05-15,East,46-55,Female,Clothing,Sneakers,3,645.35,1936.05
2022-05-16,South,18-25,Female,Clothing,Jeans,2,788.04,1576.07
2022-05-16,West,46-55,Male,Electronics,Bluetooth Speaker,3,1845.21,5535.63
2022-05-16,West,46-55,Male,Clothing,T-Shirt,4,646.47,2585.9
2022-05-17,Central,36-45,Female,Beauty,Shampoo,4,630.13,2520.53
2022-05-17,West,56-65,Male,Beauty,Lipstick,2,831.67,1663.35
2022-05-17,East,18-25,Female,Electronics,Wireless Earbuds,1,2265.78,2265.78
2022-05-17,South,26-35,Female,Electronics,Bluetooth Speaker,5,1305.9,6529.48
2022-05-18,Central,46-55,Female,Clothing,Jacket,4,646.52,2586.06
2022-05-18,West,46-55,Female,Electronics,Wireless Earbuds,4,1941.63,7766.54
2022-05-18,North,46-55,Female,Electronics,Wireless Earbuds,4,2130.29,8521.16
2022-05-19,East,18-25,Female,Electronics,Wireless Earbuds,4,1667.71,6670.85
2022-05-19,North,36-45,Male,Sports,Cricket Bat,1,1599.65,1599.65
2022-05-19,South,65+,Male,Home Decor,Cushion Set,4,1548.71,6194.83
2022-05-20,South,65+,Male,Sports,Dumbbell Set,2,1966.26,3932.53
2022-05-20,West,26-35,Male,Electronics,Power Bank,3,2245.18,6735.53
2022-05-20,South,18-25,Female,Electronics,Smart Watch,4,2839.04,11356.15
2022-05-21,South,26-35,Male,Groceries,Coffee Beans,5,344.6,1723.0
2022-05-21,West,46-55,Male,Books,Cookbook,2,421.17,842.35
2022-05-21,North,18-25,Female,Groceries,Snack Pack,5,349.64,1748.19
2022-05-21,North,46-55,Male,Groceries,Cooking Oil,3,321.86,965.59
2022-05-22,Central,56-65,Female,Beauty,Perfume,5,552.83,2764.15
2022-05-22,West,18-25,Female,Clothing,Jacket,4,1040.94,4163.74
2022-05-22,West,26-35,Male,Electronics,Bluetooth Speaker,4,1947.46,7789.83
2022-05-23,West,56-65,Female,Sports,Cricket Bat,4,1259.15,5036.59
2022-05-23,North,26-35,Female,Beauty,Shampoo,2,604.3,1208.59
2022-05-23,Central,18-25,Male,Electronics,Wireless Earbuds,1,2240.85,2240.85
2022-05-24,South,65+,Female,Clothing,Jacket,4,829.9,3319.61
2022-05-24,South,65+,Female,Electronics,Bluetooth Speaker,4,1793.49,7173.94
2022-05-24,South,46-55,Male,Books,Fiction Novel,2,456.5,912.99
2022-05-24,South,56-65,Female,Electronics,Wireless Earbuds,5,1903.52,9517.6
2022-05-25,North,26-35,Female,Books,Self-Help Book,5,581.85,2909.25
2022-05-25,West,56-65,Male,Groceries,Rice 5kg,5,377.51,1887.54
2022-05-25,South,36-45,Male,Books,Self-Help Book,3,486.63,1459.88
2022-05-26,West,46-55,Female,Electronics,Power Bank,5,2055.75,10278.73
2022-05-26,East,56-65,Female,Clothing,Jacket,3,1058.1,3174.29
2022-05-26,Central,56-65,Female,Home Decor,Cushion Set,5,1057.23,5286.13
2022-05-27,Central,46-55,Male,Clothing,Jeans,5,938.45,4692.26
2022-05-27,South,56-65,Male,Clothing,Sneakers,5,650.06,3250.32
2022-05-27,South,26-35,Male,Sports,Dumbbell Set,3,1140.43,3421.3
2022-05-28,South,26-35,Male,Clothing,T-Shirt,3,993.59,2980.77
2022-05-28,North,26-35,Male,Sports,Dumbbell Set,4,1466.44,5865.78
2022-05-28,East,36-45,Male,Groceries,Coffee Beans,5,322.53,1612.66
2022-05-28,Central,36-45,Female,Electronics,Power Bank,4,2384.87,9539.47
2022-05-29,West,46-55,Male,Groceries,Cooking Oil,5,267.26,1336.28
2022-05-29,East,36-45,Female,Sports,Yoga Mat,5,1591.6,7957.99
2022-05-29,Central,46-55,Male,Beauty,Perfume,2,545.15,1090.29
2022-05-30,West,56-65,Female,Electronics,Bluetooth Speaker,1,1861.5,1861.5
2022-05-30,East,26-35,Male,Beauty,Perfume,1,645.29,645.29
2022-05-30,East,26-35,Male,Clothing,Jacket,4,854.28,3417.13
2022-05-31,West,46-55,Male,Sports,Yoga Mat,2,1332.03,2664.06
2022-05-31,Central,36-45,Male,Sports,Cricket Bat,5,2090.75,10453.76
2022-05-31,East,26-35,Male,Home Decor,Curtains,3,1599.32,4797.97
2022-05-31,East,18-25,Female,Groceries,Coffee Beans,2,371.15,742.3
2022-06-01,Central,36-45,Female,Home Decor,Table Lamp,4,713.75,2855.01
2022-06-01,South,56-65,Male,Clothing,Sneakers,5,1056.03,5280.17
2022-06-01,Central,56-65,Female,Electronics,Wireless Earbuds,4,2656.15,10624.6
2022-06-02,Central,26-35,Male,Home Decor,Curtains,3,1057.83,3173.49
2022-06-02,West,26-35,Female,Clothing,Jeans,4,711.77,2847.08
2022-06-02,Central,36-45,Male,Groceries,Cooking Oil,4,376.81,1507.23
2022-06-03,West,65+,Male,Electronics,Power Bank,4,1942.03,7768.14
2022-06-03,Central,56-65,Male,Electronics,Smart Watch,4,2511.51,10046.05
2022-06-03,South,36-45,Male,Books,Cookbook,4,491.41,1965.62
2022-06-04,North,26-35,Male,Clothing,Sneakers,5,1070.19,5350.97
2022-06-04,South,36-45,Male,Electronics,Smart Watch,3,2188.29,6564.88
2022-06-04,Central,56-65,Male,Sports,Cricket Bat,3,1440.53,4321.6
2022-06-04,South,36-45,Male,Beauty,Shampoo,2,411.75,823.51
2022-06-05,East,26-35,Male,Clothing,T-Shirt,5,495.53,2477.67
2022-06-05,South,18-25,Female,Home Decor,Wall Art,5,1302.43,6512.17
2022-06-05,Central,36-45,Female,Books,Comic Book,1,661.41,661.41
2022-06-06,East,26-35,Female,Clothing,Jeans,3,793.36,2380.07
2022-06-06,East,46-55,Male,Sports,Dumbbell Set,5,1395.13,6975.63
2022-06-06,Central,36-45,Female,Home Decor,Curtains,1,1080.08,1080.08
2022-06-07,South,26-35,Female,Books,Fiction Novel,3,494.35,1483.06
2022-06-07,North,36-45,Female,Electronics,Bluetooth Speaker,2,2668.12,5336.23
2022-06-07,West,46-55,Female,Beauty,Perfume,4,507.96,2031.83
2022-06-07,South,65+,Female,Electronics,Smart Watch,3,2517.48,7552.43
2022-06-08,North,56-65,Female,Electronics,Wireless Earbuds,3,2254.47,6763.42
2022-06-08,South,65+,Male,Beauty,Shampoo,2,783.63,1567.27
2022-06-08,East,36-45,Female,Clothing,Sneakers,5,968.5,4842.52
2022-06-09,North,36-45,Female,Electronics,Bluetooth Speaker,4,1673.06,6692.24
2022-06-09,West,18-25,Male,Home Decor,Wall Art,2,1440.24,2880.47
2022-06-09,Central,36-45,Male,Clothing,Sneakers,2,891.72,1783.44
2022-06-10,South,26-35,Female,Clothing,Jacket,3,970.4,2911.21
2022-06-10,North,26-35,Female,Groceries,Snack Pack,5,380.4,1902.0
2022-06-10,East,46-55,Male,Books,Comic Book,2,313.66,627.31
2022-06-10,Central,26-35,Male,Groceries,Snack Pack,1,327.49,327.49
2022-06-11,South,18-25,Female,Beauty,Perfume,3,720.31,2160.93
2022-06-11,North,26-35,Male,Home Decor,Cushion Set,2,1226.23,2452.47
2022-06-11,East,18-25,Female,Beauty,Lipstick,5,466.84,2334.19
2022-06-12,South,26-35,Male,Sports,Running Shoes,3,1074.36,3223.08
2022-06-12,Central,56-65,Male,Sports,Yoga Mat,2,1139.67,2279.33
2022-06-12,East,18-25,Male,Electronics,Bluetooth Speaker,1,2471.31,2471.31
2022-06-13,South,46-55,Male,Clothing,Jeans,1,1369.64,1369.64
2022-06-13,West,46-55,Female,Books,Comic Book,4,475.57,1902.28
2022-06-13,West,18-25,Male,Home Decor,Table Lamp,2,1553.97,3107.93
2022-06-14,East,26-35,Female,Electronics,Smart Watch,3,2877.0,8631.0
2022-06-14,East,26-35,Male,Books,Self-Help Book,5,495.45,2477.25
2022-06-14,Central,46-55,Female,Groceries,Rice 5kg,5,313.7,1568.52
2022-06-14,East,46-55,Male,Beauty,Face Cream,5,405.89,2029.44
2022-06-15,West,18-25,Female,Groceries,Coffee Beans,4,329.29,1317.17
2022-06-15,South,36-45,Male,Beauty,Shampoo,5,686.74,3433.71
2022-06-15,East,26-35,Female,Sports,Yoga Mat,2,1172.47,2344.95
2022-06-16,North,46-55,Male,Groceries,Rice 5kg,5,254.7,1273.49
2022-06-16,North,56-65,Female,Electronics,Wireless Earbuds,1,2050.12,2050.12
2022-06-16,North,26-35,Male,Clothing,Jeans,4,861.29,3445.18
2022-06-17,East,26-35,Male,Sports,Dumbbell Set,2,1724.63,3449.25
2022-06-17,South,26-35,Male,Home Decor,Wall Art,3,1268.33,3804.98
2022-06-17,Central,36-45,Female,Home Decor,Table Lamp,3,1656.48,4969.44
2022-06-17,East,46-55,Female,Books,Cookbook,1,342.04,342.04
2022-06-18,South,56-65,Male,Sports,Running Shoes,5,1855.24,9276.22
2022-06-18,West,36-45,Female,Electronics,Smart Watch,2,1408.96,2817.93
2022-06-18,North,18-25,Male,Groceries,Coffee Beans,2,231.41,462.83
2022-06-19,North,18-25,Male,Sports,Yoga Mat,4,1341.92,5367.68
2022-06-19,Central,56-65,Male,Groceries,Snack Pack,5,382.33,1911.66
2022-06-19,North,36-45,Male,Electronics,Wireless Earbuds,5,1988.6,9942.98
2022-06-20,South,26-35,Male,Groceries,Rice 5kg,2,365.43,730.86
2022-06-20,North,36-45,Male,Clothing,T-Shirt,3,782.53,2347.58
2022-06-20,Central,26-35,Male,Home Decor,Cushion Set,5,1227.78,6138.92
2022-06-21,Central,26-35,Male,Books,Fiction Novel,3,453.67,1361.0
2022-06-21,East,18-25,Male,Electronics,Wireless Earbuds,2,2859.19,5718.38
2022-06-21,Central,26-35,Female,Beauty,Face Cream,1,572.36,572.36
2022-06-21,South,46-55,Male,Groceries,Rice 5kg,4,299.41,1197.63
2022-06-22,East,36-45,Male,Home Decor,Curtains,5,942.67,4713.36
2022-06-22,Central,18-25,Male,Beauty,Shampoo,3,626.19,1878.57
2022-06-22,West,18-25,Female,Clothing,Jeans,2,815.59,1631.17
2022-06-23,East,26-35,Female,Electronics,Power Bank,5,1852.53,9262.67
2022-06-23,Central,36-45,Female,Groceries,Coffee Beans,1,407.98,407.98
2022-06-23,North,26-35,Female,Home Decor,Cushion Set,4,957.01,3828.05
2022-06-24,East,36-45,Female,Clothing,Jeans,1,927.61,927.61
2022-06-24,Central,18-25,Male,Clothing,Sneakers,2,1047.02,2094.04
2022-06-24,Central,18-25,Female,Books,Cookbook,5,384.26,1921.28
2022-06-24,Central,26-35,Male,Clothing,Jacket,4,658.72,2634.86
2022-06-25,East,56-65,Male,Groceries,Snack Pack,5,305.96,1529.8
2022-06-25,East,26-35,Female,Electronics,Wireless Earbuds,5,1632.37,8161.87
2022-06-25,South,46-55,Female,Groceries,Cooking Oil,1,321.46,321.46
2022-06-26,East,46-55,Female,Books,Fiction Novel,2,428.92,857.85
2022-06-26,North,18-25,Male,Groceries,Cooking Oil,3,470.12,1410.36
2022-06-26,East,65+,Male,Clothing,Jeans,5,884.17,4420.83
2022-06-27,East,36-45,Male,Books,Self-Help Book,4,559.83,2239.33
2022-06-27,South,18-25,Female,Clothing,Jacket,2,864.89,1729.79
2022-06-27,North,46-55,Female,Home Decor,Curtains,1,1411.49,1411.49
2022-06-28,East,26-35,Female,Books,Self-Help Book,5,441.36,2206.81
2022-06-28,East,26-35,Male,Electronics,Bluetooth Speaker,3,1874.06,5622.18
2022-06-28,Central,36-45,Female,Electronics,Power Bank,1,1008.83,1008.83
2022-06-28,West,46-55,Male,Home Decor,Wall Art,5,578.78,2893.92
2022-06-29,East,26-35,Female,Beauty,Perfume,2,953.88,1907.77
2022-06-29,East,18-25,Male,Beauty,Perfume,4,465.62,1862.46
2022-06-29,North,56-65,Female,Sports,Dumbbell Set,5,1549.28,7746.4
2022-06-30,North,36-45,Female,Groceries,Rice 5kg,1,346.71,346.71
2022-06-30,West,36-45,Female,Electronics,Smart Watch,2,2624.39,5248.77
2022-06-30,North,26-35,Female,Beauty,Shampoo,2,535.04,1070.08
2022-07-01,North,36-45,Male,Clothing,T-Shirt,4,1281.45,5125.82
2022-07-01,South,18-25,Female,Groceries,Snack Pack,3,348.06,1044.18
2022-07-01,Central,26-35,Male,Groceries,Cooking Oil,5,445.71,2228.55
2022-07-01,Central,26-35,Male,Beauty,Lipstick,5,566.43,2832.13
2022-07-02,Central,36-45,Male,Books,Comic Book,3,398.82,1196.45
2022-07-02,South,26-35,Female,Home Decor,Curtains,2,796.93,1593.86
2022-07-02,West,18-25,Male,Home Decor,Wall Art,2,1195.82,2391.65
2022-07-03,Central,26-35,Male,Electronics,Smart Watch,2,2115.19,4230.37
2022-07-03,East,26-35,Female,Groceries,Rice 5kg,4,385.97,1543.87
2022-07-03,East,18-25,Female,Electronics,Power Bank,3,3002.82,9008.46
2022-07-04,North,26-35,Female,Sports,Running Shoes,4,946.98,3787.9
2022-07-04,West,18-25,Male,Sports,Yoga Mat,2,1425.25,2850.5
2022-07-04,West,65+,Male,Groceries,Rice 5kg,4,292.05,1168.18
2022-07-04,East,18-25,Male,Sports,Dumbbell Set,2,1063.6,2127.2
2022-07-05,West,26-35,Male,Beauty,Shampoo,5,633.03,3165.14
2022-07-05,East,26-35,Female,Clothing,T-Shirt,1,758.64,758.64
2022-07-05,Central,18-25,Female,Books,Fiction Novel,5,506.14,2530.72
2022-07-06,East,36-45,Female,Clothing,Sneakers,2,647.3,1294.61
2022-07-06,North,36-45,Male,Sports,Cricket Bat,3,1470.57,4411.71
2022-07-06,East,65+,Male,Home Decor,Cushion Set,2,1412.13,2824.26
2022-07-07,West,46-55,Male,Clothing,Sneakers,5,1229.19,6145.97
2022-07-07,West,56-65,Female,Clothing,Jeans,2,928.65,1857.31
2022-07-07,Central,18-25,Male,Electronics,Power Bank,1,1907.71,1907.71
2022-07-08,South,46-55,Male,Beauty,Shampoo,4,583.79,2335.16
2022-07-08,East,36-45,Female,Books,Comic Book,2,448.47,896.94
2022-07-08,South,26-35,Male,Home Decor,Curtains,5,1687.94,8439.71
2022-07-08,West,36-45,Female,Electronics,Wireless Earbuds,1,1597.05,1597.05
2022-07-09,South,65+,Female,Home Decor,Curtains,4,1218.27,4873.1
2022-07-09,North,26-35,Female,Beauty,Face Cream,5,617.35,3086.77
2022-07-09,East,46-55,Male,Electronics,Bluetooth Speaker,4,1920.32,7681.29
2022-07-10,East,18-25,Male,Electronics,Wireless Earbuds,1,2084.88,2084.88
2022-07-10,North,56-65,Male,Groceries,Cooking Oil,2,344.65,689.3
2022-07-10,West,26-35,Male,Home Decor,Cushion Set,4,522.12,2088.49
2022-07-11,Central,26-35,Female,Clothing,Jeans,2,1246.04,2492.08
2022-07-11,South,56-65,Male,Clothing,Jeans,2,442.83,885.66
2022-07-11,South,26-35,Male,Beauty,Perfume,5,462.93,2314.66
2022-07-11,Central,56-65,Female,Beauty,Shampoo,2,732.12,1464.23
2022-07-12,Central,26-35,Male,Sports,Cricket Bat,2,1713.13,3426.27
2022-07-12,East,36-45,Female,Electronics,Smart Watch,4,2051.83,8207.3
2022-07-12,North,26-35,Female,Electronics,Wireless Earbuds,1,1627.09,1627.09
2022-07-13,North,36-45,Male,Clothing,T-Shirt,5,1036.51,5182.55
2022-07-13,South,26-35,Male,Home Decor,Cushion Set,2,1512.4,3024.81
2022-07-13,East,56-65,Male,Sports,Running Shoes,4,1764.89,7059.56
2022-07-14,South,26-35,Female,Clothing,Jeans,5,961.81,4809.03
2022-07-14,Central,46-55,Male,Beauty,Shampoo,3,603.23,1809.68
2022-07-14,North,65+,Male,Books,Self-Help Book,5,490.5,2452.5
2022-07-15,Central,18-25,Female,Sports,Dumbbell Set,3,1634.1,4902.3
2022-07-15,Central,46-55,Male,Home Decor,Cushion Set,2,1438.67,2877.34
2022-07-15,North,18-25,Female,Home Decor,Curtains,2,1313.83,2627.66
2022-07-15,West,65+,Female,Clothing,T-Shirt,3,863.47,2590.4
2022-07-16,West,36-45,Female,Sports,Cricket Bat,1,1998.41,1998.41
2022-07-16,North,36-45,Male,Electronics,Wireless Earbuds,3,2160.62,6481.86
2022-07-16,Central,36-45,Male,Clothing,Sneakers,5,1032.36,5161.78
2022-07-17,North,36-45,Female,Electronics,Smart Watch,3,2605.97,7817.92
2022-07-17,North,36-45,Male,Clothing,Jeans,2,854.0,1708.0
2022-07-17,Central,56-65,Female,Electronics,Bluetooth Speaker,2,2331.84,4663.67
2022-07-18,East,46-55,Female,Home Decor,Table Lamp,5,1349.72,6748.61
2022-07-18,North,18-25,Male,Beauty,Lipstick,3,674.0,2021.99
2022-07-18,East,36-45,Female,Groceries,Rice 5kg,5,373.07,1865.34
2022-07-18,South,36-45,Male,Clothing,Sneakers,1,838.58,838.58
2022-07-19,North,46-55,Female,Books,Cookbook,4,451.9,1807.6
2022-07-19,South,46-55,Female,Home Decor,Wall Art,3,1033.5,3100.51
2022-07-19,West,18-25,Male,Sports,Running Shoes,3,1795.62,5386.85
2022-07-20,South,26-35,Female,Beauty,Perfume,5,492.51,2462.54
2022-07-20,North,26-35,Male,Sports,Dumbbell Set,1,1455.7,1455.7
2022-07-20,South,18-25,Male,Home Decor,Wall Art,3,1477.93,4433.8
2022-07-21,West,26-35,Male,Groceries,Coffee Beans,1,455.89,455.89
2022-07-21,Central,18-25,Male,Electronics,Bluetooth Speaker,4,1788.49,7153.96
2022-07-21,West,18-25,Male,Books,Self-Help Book,4,413.11,1652.45
2022-07-22,West,26-35,Male,Home Decor,Table Lamp,1,1541.11,1541.11
2022-07-22,South,18-25,Male,Sports,Dumbbell Set,2,1505.32,3010.63
2022-07-22,Central,46-55,Female,Clothing,T-Shirt,5,1138.15,5690.74
2022-07-22,Central,18-25,Female,Sports,Running Shoes,3,1166.89,3500.66
2022-07-23,South,46-55,Female,Sports,Cricket Bat,2,1581.91,3163.83
2022-07-23,Central,56-65,Female,Books,Cookbook,3,478.43,1435.3
2022-07-23,North,46-55,Male,Electronics,Wireless Earbuds,5,1708.68,8543.41
2022-07-24,West,46-55,Female,Groceries,Rice 5kg,3,459.65,1378.96
2022-07-24,South,56-65,Female,Sports,Yoga Mat,4,1371.38,5485.5
2022-07-24,Central,65+,Female,Sports,Running Shoes,3,1512.43,4537.29
2022-07-25,Central,36-45,Female,Books,Self-Help Book,1,419.37,419.37
2022-07-25,West,56-65,Female,Groceries,Coffee Beans,2,357.52,715.05
2022-07-25,North,18-25,Female,Groceries,Coffee Beans,3,346.4,1039.19
2022-07-25,North,56-65,Female,Sports,Cricket Bat,2,1285.95,2571.9
2022-07-26,North,65+,Male,Books,Comic Book,5,602.07,3010.35
2022-07-26,West,36-45,Female,Electronics,Wireless Earbuds,5,1934.3,9671.51
2022-07-26,Central,26-35,Female,Electronics,Smart Watch,1,1729.36,1729.36
2022-07-27,East,46-55,Male,Home Decor,Cushion Set,5,1188.56,5942.81
2022-07-27,Central,56-65,Male,Beauty,Lipstick,4,612.91,2451.62
2022-07-27,Central,26-35,Female,Clothing,Sneakers,3,1082.38,3247.13
2022-07-28,West,36-45,Female,Books,Cookbook,3,469.83,1409.49
2022-07-28,South,56-65,Female,Groceries,Snack Pack,5,500.65,2503.23
2022-07-28,North,56-65,Female,Electronics,Power Bank,5,2391.4,11956.99
2022-07-28,North,26-35,Male,Home Decor,Cushion Set,4,1362.13,5448.51
2022-07-29,Central,18-25,Male,Sports,Dumbbell Set,4,1494.9,5979.61
2022-07-29,South,36-45,Female,Electronics,Power Bank,5,2285.46,11427.28
2022-07-29,North,65+,Male,Electronics,Power Bank,3,1542.42,4627.26
2022-07-30,Central,36-45,Male,Clothing,T-Shirt,3,1195.06,3585.19
2022-07-30,North,36-45,Male,Clothing,Sneakers,5,839.29,4196.44
2022-07-30,North,36-45,Female,Clothing,Sneakers,4,901.23,3604.94
2022-07-31,East,18-25,Male,Home Decor,Curtains,3,1246.67,3740.0
2022-07-31,Central,18-25,Female,Electronics,Power Bank,2,1798.22,3596.44
2022-07-31,North,56-65,Female,Groceries,Snack Pack,2,375.3,750.59
2022-08-01,Central,56-65,Female,Beauty,Shampoo,3,795.54,2386.62
2022-08-01,North,65+,Female,Sports,Dumbbell Set,1,1399.49,1399.49
2022-08-01,South,18-25,Male,Clothing,Jeans,5,892.17,4460.87
2022-08-01,North,26-35,Male,Beauty,Perfume,2,343.46,686.92
2022-08-02,Central,26-35,Male,Electronics,Smart Watch,5,2201.96,11009.82
2022-08-02,East,18-25,Male,Clothing,Sneakers,3,817.94,2453.81
2022-08-02,East,26-35,Male,Books,Cookbook,1,567.52,567.52
2022-08-03,South,18-25,Male,Electronics,Wireless Earbuds,2,2435.92,4871.85
2022-08-03,South,26-35,Male,Home Decor,Curtains,4,1321.56,5286.25
2022-08-03,East,26-35,Female,Clothing,Jacket,4,825.39,3301.55
2022-08-04,East,26-35,Female,Clothing,Jacket,5,570.17,2850.86
2022-08-04,East,46-55,Female,Groceries,Cooking Oil,2,422.61,845.23
2022-08-04,South,18-25,Female,Beauty,Shampoo,4,529.04,2116.16
2022-08-04,North,36-45,Male,Clothing,Jeans,5,911.06,4555.28
2022-08-05,East,65+,Male,Home Decor,Wall Art,4,1106.3,4425.19
2022-08-05,West,46-55,Female,Books,Cookbook,1,454.98,454.98
2022-08-05,Central,65+,Male,Electronics,Bluetooth Speaker,4,2045.69,8182.77
2022-08-06,East,26-35,Male,Electronics,Wireless Earbuds,1,1249.08,1249.08
2022-08-06,West,18-25,Male,Home Decor,Wall Art,2,968.04,1936.09
2022-08-06,West,26-35,Male,Home Decor,Table Lamp,5,1212.38,6061.91
2022-08-07,West,56-65,Female,Clothing,Jeans,5,973.17,4865.83
2022-08-07,East,65+,Male,Electronics,Bluetooth Speaker,4,1503.59,6014.37
2022-08-07,Central,26-35,Male,Clothing,Jeans,3,1026.57,3079.7
2022-08-08,Central,26-35,Female,Sports,Yoga Mat,2,1243.72,2487.45
2022-08-08,South,18-25,Male,Home Decor,Cushion Set,5,692.96,3464.81
2022-08-08,South,36-45,Female,Home Decor,Curtains,5,1034.05,5170.27
2022-08-08,Central,46-55,Male,Sports,Cricket Bat,3,1313.87,3941.62
2022-08-09,Central,65+,Male,Books,Self-Help Book,1,558.09,558.09
2022-08-09,Central,18-25,Female,Home Decor,Wall Art,4,1125.58,4502.34
2022-08-09,South,18-25,Female,Beauty,Lipstick,4,687.97,2751.9
2022-08-10,North,26-35,Male,Groceries,Snack Pack,1,358.34,358.34
2022-08-10,South,36-45,Male,Home Decor,Wall Art,5,1015.22,5076.08
2022-08-10,Central,26-35,Female,Electronics,Smart Watch,2,2104.14,4208.28
2022-08-11,South,26-35,Female,Home Decor,Wall Art,4,1509.45,6037.8
2022-08-11,East,26-35,Female,Clothing,Jacket,2,1467.05,2934.1
2022-08-11,East,46-55,Male,Groceries,Cooking Oil,5,378.65,1893.23
2022-08-11,Central,18-25,Female,Clothing,Jacket,5,844.39,4221.93
2022-08-12,Central,36-45,Male,Groceries,Rice 5kg,5,347.45,1737.24
2022-08-12,East,46-55,Male,Electronics,Smart Watch,1,1925.15,1925.15
2022-08-12,South,18-25,Male,Beauty,Lipstick,2,400.74,801.47
2022-08-13,East,46-55,Male,Clothing,Sneakers,3,747.94,2243.82
2022-08-13,North,65+,Female,Electronics,Smart Watch,2,1715.53,3431.05
2022-08-13,West,36-45,Female,Clothing,T-Shirt,1,674.07,674.07
2022-08-14,North,26-35,Female,Groceries,Snack Pack,1,385.93,385.93
2022-08-14,South,26-35,Female,Groceries,Cooking Oil,3,386.15,1158.46
2022-08-14,Central,26-35,Female,Electronics,Bluetooth Speaker,5,2241.78,11208.88
2022-08-15,North,56-65,Female,Electronics,Power Bank,3,2823.64,8470.93
2022-08-15,North,26-35,Female,Books,Fiction Novel,2,636.63,1273.25
2022-08-15,North,56-65,Female,Sports,Running Shoes,3,1069.58,3208.73
2022-08-15,South,46-55,Female,Books,Comic Book,3,308.05,924.16
2022-08-16,South,56-65,Female,Electronics,Smart Watch,3,2505.91,7517.72
2022-08-16,Central,18-25,Female,Sports,Yoga Mat,5,1417.63,7088.17
2022-08-16,South,26-35,Male,Home Decor,Wall Art,3,1382.1,4146.29
2022-08-17,West,65+,Female,Groceries,Cooking Oil,1,219.27,219.27
2022-08-17,East,26-35,Female,Home Decor,Table Lamp,3,1427.94,4283.83
2022-08-17,Central,46-55,Male,Beauty,Face Cream,2,611.42,1222.84
2022-08-18,North,65+,Female,Books,Self-Help Book,2,366.27,732.54
2022-08-18,Central,36-45,Male,Books,Cookbook,5,511.98,2559.9
2022-08-18,North,36-45,Female,Electronics,Wireless Earbuds,3,2875.07,8625.22
2022-08-18,East,26-35,Female,Clothing,T-Shirt,4,1081.12,4324.47
2022-08-19,West,36-45,Male,Sports,Dumbbell Set,2,1178.4,2356.8
2022-08-19,South,26-35,Male,Clothing,T-Shirt,1,1051.83,1051.83
2022-08-19,Central,36-45,Female,Electronics,Smart Watch,1,1845.65,1845.65
2022-08-20,North,36-45,Male,Clothing,T-Shirt,1,977.81,977.81
2022-08-20,East,36-45,Male,Books,Cookbook,3,450.62,1351.85
2022-08-20,East,26-35,Male,Groceries,Rice 5kg,5,419.22,2096.12
2022-08-21,South,46-55,Female,Clothing,Jeans,5,969.04,4845.21
2022-08-21,West,46-55,Female,Clothing,Jeans,2,936.83,1873.66
2022-08-21,South,18-25,Male,Books,Comic Book,4,605.15,2420.6
2022-08-21,East,65+,Female,Clothing,Jeans,1,801.55,801.55
2022-08-22,Central,18-25,Male,Home Decor,Curtains,4,1287.69,5150.76
2022-08-22,North,36-45,Female,Home Decor,Cushion Set,2,1046.37,2092.75
2022-08-22,North,26-35,Male,Clothing,Sneakers,2,780.69,1561.39
2022-08-23,East,26-35,Female,Electronics,Power Bank,5,2444.9,12224.48
2022-08-23,Central,36-45,Female,Books,Fiction Novel,1,482.13,482.13
2022-08-23,West,18-25,Male,Electronics,Power Bank,3,2126.79,6380.37
2022-08-24,North,36-45,Male,Sports,Yoga Mat,4,1404.3,5617.2
2022-08-24,South,26-35,Male,Home Decor,Curtains,2,1213.31,2426.62
2022-08-24,North,26-35,Female,Books,Fiction Novel,1,402.39,402.39
2022-08-25,East,36-45,Male,Groceries,Snack Pack,5,220.05,1100.26
2022-08-25,South,36-45,Female,Groceries,Coffee Beans,5,294.65,1473.26
2022-08-25,Central,18-25,Male,Groceries,Coffee Beans,1,298.74,298.74
2022-08-25,North,18-25,Female,Beauty,Face Cream,1,854.86,854.86
2022-08-26,East,36-45,Female,Electronics,Power Bank,1,1445.7,1445.7
2022-08-26,East,26-35,Male,Clothing,Sneakers,2,1023.63,2047.27
2022-08-26,East,26-35,Female,Electronics,Power Bank,2,1854.54,3709.07
2022-08-27,West,65+,Female,Clothing,T-Shirt,1,600.23,600.23
2022-08-27,North,18-25,Female,Home Decor,Cushion Set,5,1477.95,7389.74
2022-08-27,West,46-55,Male,Electronics,Power Bank,5,2201.46,11007.32
2022-08-28,South,26-35,Female,Clothing,T-Shirt,4,1009.75,4038.99
2022-08-28,South,26-35,Female,Electronics,Smart Watch,1,2537.54,2537.54
2022-08-28,South,46-55,Female,Beauty,Shampoo,5,563.87,2819.36
2022-08-28,West,36-45,Male,Beauty,Face Cream,1,658.49,658.49
2022-08-29,Central,46-55,Male,Electronics,Smart Watch,1,1983.82,1983.82
2022-08-29,West,36-45,Female,Clothing,Jacket,5,1230.54,6152.71
2022-08-29,South,36-45,Male,Electronics,Smart Watch,5,2567.75,12838.74
2022-08-30,South,26-35,Male,Electronics,Wireless Earbuds,1,1750.16,1750.16
2022-08-30,East,56-65,Female,Clothing,Jacket,5,813.8,4069.01
2022-08-30,West,18-25,Male,Home Decor,Curtains,3,1035.7,3107.1
2022-08-31,South,46-55,Male,Clothing,Jeans,2,973.12,1946.25
2022-08-31,South,56-65,Female,Home Decor,Table Lamp,2,1410.83,2821.66
2022-08-31,East,46-55,Female,Books,Fiction Novel,1,430.81,430.81
2022-09-01,South,56-65,Male,Books,Self-Help Book,2,532.57,1065.14
2022-09-01,South,18-25,Female,Sports,Cricket Bat,2,1517.61,3035.22
2022-09-01,East,46-55,Female,Clothing,Sneakers,4,904.8,3619.2
2022-09-01,South,56-65,Male,Beauty,Perfume,3,502.63,1507.88
2022-09-02,South,18-25,Male,Electronics,Bluetooth Speaker,4,2046.25,8185.0
2022-09-02,Central,36-45,Female,Electronics,Wireless Earbuds,3,2092.78,6278.34
2022-09-02,Central,36-45,Female,Groceries,Coffee Beans,3,210.11,630.34
2022-09-03,West,26-35,Female,Home Decor,Table Lamp,1,1252.89,1252.89
2022-09-03,North,26-35,Male,Sports,Dumbbell Set,3,1989.2,5967.59
2022-09-03,North,36-45,Female,Electronics,Power Bank,2,2454.97,4909.94
2022-09-04,South,36-45,Male,Books,Fiction Novel,1,508.81,508.81
2022-09-04,Central,36-45,Female,Beauty,Face Cream,5,455.06,2275.29
2022-09-04,East,36-45,Male,Clothing,Jeans,5,661.83,3309.14
2022-09-04,West,26-35,Male,Electronics,Bluetooth Speaker,5,2659.79,13298.97
2022-09-05,North,26-35,Female,Clothing,Jeans,4,876.66,3506.63
2022-09-05,East,46-55,Male,Electronics,Smart Watch,1,1991.27,1991.27
2022-09-05,North,26-35,Male,Electronics,Wireless Earbuds,2,2202.01,4404.03
2022-09-06,West,46-55,Male,Electronics,Wireless Earbuds,3,2201.78,6605.35
2022-09-06,South,18-25,Male,Clothing,T-Shirt,5,883.14,4415.69
2022-09-06,West,26-35,Male,Electronics,Power Bank,3,2408.73,7226.19
2022-09-07,West,18-25,Female,Electronics,Power Bank,2,2191.26,4382.52
2022-09-07,Central,18-25,Male,Clothing,T-Shirt,3,939.73,2819.2
2022-09-07,West,18-25,Male,Groceries,Rice 5kg,3,370.85,1112.55
2022-09-08,East,26-35,Male,Electronics,Power Bank,3,2383.36,7150.08
2022-09-08,West,56-65,Male,Home Decor,Cushion Set,4,1746.82,6987.29
2022-09-08,South,18-25,Female,Books,Cookbook,1,460.55,460.55
2022-09-08,West,46-55,Female,Electronics,Bluetooth Speaker,4,2249.26,8997.06
2022-09-09,South,56-65,Male,Groceries,Coffee Beans,1,413.4,413.4
2022-09-09,North,56-65,Male,Home Decor,Wall Art,3,1761.74,5285.23
2022-09-09,South,36-45,Male,Electronics,Power Bank,2,1765.73,3531.46
2022-09-10,South,56-65,Male,Home Decor,Table Lamp,4,712.26,2849.04
2022-09-10,Central,26-35,Male,Beauty,Shampoo,3,573.73,1721.18
2022-09-10,South,18-25,Female,Clothing,Sneakers,2,1007.54,2015.08
2022-09-11,South,18-25,Male,Books,Fiction Novel,3,484.56,1453.69
2022-09-11,South,36-45,Male,Books,Self-Help Book,1,590.57,590.57
2022-09-11,South,36-45,Male,Sports,Running Shoes,3,1708.18,5124.54
2022-09-11,Central,26-35,Female,Electronics,Power Bank,4,2030.16,8120.65
2022-09-12,North,36-45,Male,Sports,Yoga Mat,3,1711.83,5135.5
2022-09-12,South,36-45,Male,Electronics,Power Bank,3,2254.77,6764.32
2022-09-12,West,46-55,Female,Home Decor,Wall Art,2,1293.15,2586.31
2022-09-13,South,26-35,Male,Clothing,Jacket,5,868.94,4344.69
2022-09-13,North,18-25,Male,Beauty,Perfume,2,640.83,1281.66
2022-09-13,Central,56-65,Female,Sports,Cricket Bat,2,1459.78,2919.56
2022-09-14,Central,18-25,Male,Home Decor,Table Lamp,5,1210.57,6052.85
2022-09-14,East,56-65,Female,Books,Self-Help Book,5,519.75,2598.75
2022-09-14,South,26-35,Female,Groceries,Rice 5kg,1,421.04,421.04
2022-09-14,North,36-45,Female,Groceries,Cooking Oil,5,409.94,2049.69
2022-09-15,East,26-35,Male,Beauty,Lipstick,5,433.41,2167.05
2022-09-15,South,56-65,Female,Groceries,Rice 5kg,1,400.65,400.65
2022-09-15,North,56-65,Female,Clothing,Jeans,3,476.62,1429.86
2022-09-16,East,26-35,Female,Beauty,Lipstick,3,600.26,1800.79
2022-09-16,South,26-35,Female,Clothing,T-Shirt,4,945.45,3781.8
2022-09-16,South,26-35,Male,Beauty,Perfume,1,647.5,647.5
2022-09-17,West,56-65,Female,Clothing,T-Shirt,2,712.8,1425.59
2022-09-17,East,18-25,Male,Clothing,T-Shirt,5,1172.63,5863.17
2022-09-17,North,46-55,Female,Books,Self-Help Book,2,408.76,817.52
2022-09-18,North,36-45,Male,Books,Fiction Novel,5,434.31,2171.56
2022-09-18,North,18-25,Male,Groceries,Rice 5kg,3,418.98,1256.93
2022-09-18,Central,46-55,Female,Home Decor,Wall Art,2,685.75,1371.49
2022-09-18,Central,46-55,Male,Books,Fiction Novel,3,461.81,1385.43
2022-09-19,South,26-35,Female,Sports,Running Shoes,5,843.89,4219.44
2022-09-19,South,18-25,Female,Beauty,Perfume,3,527.18,1581.53
2022-09-19,Central,26-35,Female,Groceries,Rice 5kg,5,132.2,661.02
2022-09-20,North,46-55,Male,Clothing,Jeans,3,1027.56,3082.68
2022-09-20,West,65+,Female,Clothing,Jacket,1,1032.19,1032.19
2022-09-20,Central,56-65,Female,Sports,Cricket Bat,2,1763.61,3527.21
2022-09-21,East,36-45,Female,Electronics,Wireless Earbuds,2,2050.53,4101.07
2022-09-21,North,18-25,Male,Clothing,Jacket,4,906.27,3625.1
2022-09-21,Central,65+,Male,Beauty,Face Cream,4,604.35,2417.42
2022-09-21,South,26-35,Female,Electronics,Power Bank,1,2369.53,2369.53
2022-09-22,West,26-35,Male,Beauty,Lipstick,5,701.96,3509.79
2022-09-22,North,18-25,Female,Clothing,Sneakers,3,855.64,2566.91
2022-09-22,East,26-35,Female,Electronics,Wireless Earbuds,5,1925.43,9627.14
2022-09-23,South,36-45,Male,Books,Cookbook,5,351.22,1756.12
2022-09-23,South,26-35,Male,Sports,Yoga Mat,1,1518.45,1518.45
2022-09-23,West,18-25,Female,Electronics,Power Bank,1,2261.85,2261.85
2022-09-24,Central,26-35,Female,Sports,Yoga Mat,1,1717.21,1717.21
2022-09-24,West,18-25,Male,Clothing,Jacket,1,961.81,961.81
2022-09-24,East,36-45,Male,Books,Self-Help Book,3,440.91,1322.74
2022-09-25,South,36-45,Female,Electronics,Wireless Earbuds,2,1792.16,3584.31
2022-09-25,East,26-35,Male,Groceries,Coffee Beans,5,313.39,1566.95
2022-09-25,East,26-35,Female,Electronics,Smart Watch,2,2297.28,4594.56
2022-09-25,North,18-25,Male,Electronics,Bluetooth Speaker,4,1951.55,7806.2
2022-09-26,Central,26-35,Male,Beauty,Perfume,4,637.63,2550.52
2022-09-26,East,36-45,Male,Electronics,Smart Watch,2,2424.54,4849.08
2022-09-26,West,26-35,Female,Electronics,Smart Watch,3,1555.18,4665.54
2022-09-27,South,56-65,Female,Clothing,Sneakers,3,1114.63,3343.89
2022-09-27,West,26-35,Female,Clothing,Jacket,3,886.66,2659.99
2022-09-27,Central,46-55,Female,Electronics,Bluetooth Speaker,5,2328.55,11642.76
2022-09-28,North,26-35,Female,Clothing,Sneakers,2,963.6,1927.19
2022-09-28,South,56-65,Female,Clothing,Jeans,3,734.58,2203.75
2022-09-28,North,65+,Male,Electronics,Wireless Earbuds,1,1752.5,1752.5
2022-09-28,South,26-35,Female,Groceries,Snack Pack,4,429.04,1716.14
2022-09-29,East,26-35,Male,Electronics,Wireless Earbuds,5,1906.54,9532.71
2022-09-29,East,18-25,Male,Clothing,Jeans,5,1048.13,5240.65
2022-09-29,West,26-35,Male,Clothing,Jacket,5,678.19,3390.93
2022-09-30,North,26-35,Male,Electronics,Power Bank,1,1818.97,1818.97
2022-09-30,East,36-45,Male,Home Decor,Wall Art,3,1249.78,3749.33
2022-09-30,East,26-35,Female,Books,Self-Help Book,1,549.18,549.18
2022-10-01,North,56-65,Male,Clothing,Jeans,2,962.76,1925.51
2022-10-01,East,36-45,Male,Electronics,Bluetooth Speaker,1,1554.53,1554.53
2022-10-01,South,46-55,Female,Electronics,Wireless Earbuds,2,2183.03,4366.07
2022-10-01,South,46-55,Female,Clothing,Jeans,5,872.06,4360.32
2022-10-02,East,26-35,Female,Clothing,Jeans,4,1205.81,4823.23
2022-10-02,West,18-25,Male,Sports,Running Shoes,2,2098.38,4196.77
2022-10-02,East,36-45,Female,Beauty,Perfume,5,627.84,3139.21
2022-10-03,South,18-25,Female,Beauty,Perfume,1,663.78,663.78
2022-10-03,Central,36-45,Female,Groceries,Coffee Beans,4,502.57,2010.26
2022-10-03,West,26-35,Male,Home Decor,Table Lamp,3,679.82,2039.46
2022-10-04,South,18-25,Female,Beauty,Lipstick,5,475.18,2375.92
2022-10-04,West,26-35,Male,Beauty,Perfume,5,682.57,3412.83
2022-10-04,Central,36-45,Female,Books,Self-Help Book,5,424.18,2120.89
2022-10-05,West,26-35,Male,Clothing,Jeans,4,993.72,3974.9
2022-10-05,Central,36-45,Male,Books,Cookbook,5,468.25,2341.23
2022-10-05,North,18-25,Female,Sports,Cricket Bat,4,1739.71,6958.85
2022-10-05,South,46-55,Male,Sports,Yoga Mat,2,1483.75,2967.5
2022-10-06,Central,26-35,Male,Beauty,Face Cream,3,584.24,1752.72
2022-10-06,East,65+,Male,Clothing,Jacket,5,631.03,3155.14
2022-10-06,Central,26-35,Male,Books,Fiction Novel,5,420.55,2102.74
2022-10-07,North,56-65,Male,Beauty,Perfume,5,855.2,4276.02
2022-10-07,North,36-45,Male,Home Decor,Table Lamp,4,648.71,2594.82
2022-10-07,South,18-25,Female,Sports,Cricket Bat,5,1539.0,7694.98
2022-10-08,South,46-55,Female,Clothing,Sneakers,3,492.39,1477.18
2022-10-08,Central,46-55,Male,Books,Fiction Novel,5,480.17,2400.83
2022-10-08,West,36-45,Female,Clothing,Jeans,4,780.65,3122.59
2022-10-08,North,46-55,Female,Clothing,Sneakers,4,937.59,3750.36
2022-10-09,North,26-35,Female,Electronics,Smart Watch,2,2406.77,4813.54
2022-10-09,North,26-35,Male,Electronics,Bluetooth Speaker,1,1988.26,1988.26
2022-10-09,Central,56-65,Male,Groceries,Cooking Oil,3,349.26,1047.79
2022-10-10,West,26-35,Male,Clothing,Jacket,3,1199.83,3599.48
2022-10-10,Central,18-25,Male,Books,Comic Book,2,506.72,1013.45
2022-10-10,West,26-35,Male,Groceries,Rice 5kg,1,216.63,216.63
2022-10-11,North,26-35,Male,Electronics,Power Bank,5,1847.54,9237.7
2022-10-11,South,26-35,Female,Books,Comic Book,1,332.75,332.75
2022-10-11,East,26-35,Male,Sports,Yoga Mat,5,1509.18,7545.9
2022-10-12,East,36-45,Female,Clothing,Jeans,1,832.87,832.87
2022-10-12,Central,18-25,Female,Clothing,Jacket,5,561.85,2809.25
2022-10-12,North,56-65,Male,Clothing,Jeans,5,1052.82,5264.11
2022-10-12,South,36-45,Female,Groceries,Cooking Oil,2,374.11,748.23
2022-10-13,Central,26-35,Male,Clothing,T-Shirt,4,1020.35,4081.42
2022-10-13,East,36-45,Female,Groceries,Snack Pack,1,396.64,396.64
2022-10-13,South,26-35,Male,Beauty,Shampoo,2,566.09,1132.18
2022-10-14,East,26-35,Female,Beauty,Perfume,2,659.78,1319.57
2022-10-14,North,26-35,Male,Electronics,Smart Watch,5,2111.79,10558.97
2022-10-14,South,18-25,Female,Home Decor,Table Lamp,5,1202.97,6014.86
2022-10-15,Central,26-35,Female,Electronics,Wireless Earbuds,1,1597.16,1597.16
2022-10-15,Central,26-35,Female,Electronics,Bluetooth Speaker,3,2594.72,7784.17
2022-10-15,Central,56-65,Male,Clothing,Jeans,1,1003.87,1003.87
2022-10-15,South,18-25,Male,Electronics,Wireless Earbuds,4,2657.24,10628.95
2022-10-16,West,26-35,Female,Books,Self-Help Book,1,453.73,453.73
2022-10-16,Central,26-35,Male,Groceries,Rice 5kg,4,371.89,1487.55
2022-10-16,West,36-45,Female,Sports,Yoga Mat,2,1807.27,3614.53
2022-10-17,West,26-35,Female,Groceries,Rice 5kg,5,377.84,1889.21
2022-10-17,Central,18-25,Female,Sports,Dumbbell Set,5,1594.58,7972.92
2022-10-17,South,26-35,Female,Home Decor,Cushion Set,2,1077.37,2154.73
2022-10-18,West,46-55,Male,Home Decor,Cushion Set,2,1086.25,2172.5
2022-10-18,Central,26-35,Female,Sports,Yoga Mat,3,1395.83,4187.49
2022-10-18,North,56-65,Male,Beauty,Perfume,4,721.72,2886.87
2022-10-19,South,36-45,Male,Books,Fiction Novel,3,377.63,1132.88
2022-10-19,Central,36-45,Female,Groceries,Coffee Beans,2,383.95,767.9
2022-10-19,Central,65+,Male,Electronics,Power Bank,5,1285.98,6429.9
2022-10-19,Central,26-35,Female,Home Decor,Curtains,5,1137.24,5686.21
2022-10-20,East,36-45,Male,Sports,Running Shoes,1,1275.03,1275.03
2022-10-20,West,26-35,Male,Electronics,Wireless Earbuds,5,1667.07,8335.37
2022-10-20,Central,26-35,Female,Electronics,Power Bank,2,2105.81,4211.61
2022-10-21,Central,26-35,Female,Clothing,Jacket,5,682.93,3414.63
2022-10-21,South,56-65,Male,Beauty,Face Cream,2,657.2,1314.4
2022-10-21,East,36-45,Male,Home Decor,Table Lamp,4,1160.77,4643.07
2022-10-22,West,36-45,Male,Electronics,Power Bank,3,1479.61,4438.82
2022-10-22,South,56-65,Male,Beauty,Perfume,1,652.22,652.22
2022-10-22,North,46-55,Male,Beauty,Perfume,2,821.63,1643.25
2022-10-22,West,26-35,Male,Groceries,Rice 5kg,5,348.04,1740.2
2022-10-23,South,26-35,Female,Clothing,T-Shirt,2,971.52,1943.04
2022-10-23,South,36-45,Female,Clothing,Jeans,2,1074.7,2149.39
2022-10-23,South,18-25,Female,Groceries,Rice 5kg,2,376.25,752.49
2022-10-24,South,26-35,Male,Groceries,Snack Pack,5,289.05,1445.25
2022-10-24,Central,26-35,Female,Books,Cookbook,4,429.0,1715.99
2022-10-24,South,36-45,Female,Books,Self-Help Book,2,574.75,1149.49
2022-10-25,Central,26-35,Female,Books,Fiction Novel,1,481.45,481.45
2022-10-25,South,18-25,Male,Electronics,Bluetooth Speaker,5,2248.4,11241.99
2022-10-25,West,65+,Female,Electronics,Power Bank,4,1128.42,4513.68
2022-10-25,East,56-65,Male,Groceries,Snack Pack,4,290.29,1161.15
2022-10-26,West,36-45,Female,Groceries,Snack Pack,4,264.11,1056.45
2022-10-26,Central,36-45,Male,Beauty,Face Cream,2,554.01,1108.02
2022-10-26,West,46-55,Male,Electronics,Power Bank,5,2092.44,10462.22
2022-10-27,South,26-35,Female,Clothing,T-Shirt,3,997.49,2992.46
2022-10-27,East,18-25,Female,Sports,Dumbbell Set,5,1391.28,6956.4
2022-10-27,South,26-35,Female,Sports,Cricket Bat,3,1253.46,3760.37
2022-10-28,East,18-25,Male,Clothing,Sneakers,1,1071.0,1071.0
2022-10-28,West,36-45,Male,Sports,Dumbbell Set,3,1574.22,4722.65
2022-10-28,East,18-25,Male,Sports,Running Shoes,4,1687.38,6749.52
2022-10-29,Central,18-25,Female,Electronics,Bluetooth Speaker,2,2823.85,5647.7
2022-10-29,North,46-55,Female,Beauty,Shampoo,4,579.88,2319.51
2022-10-29,West,26-35,Female,Sports,Cricket Bat,3,1732.72,5198.15
2022-10-29,East,46-55,Female,Home Decor,Table Lamp,1,1410.09,1410.09
2022-10-30,West,26-35,Male,Electronics,Smart Watch,5,2705.52,13527.59
2022-10-30,South,26-35,Female,Electronics,Power Bank,3,2567.63,7702.9
2022-10-30,South,36-45,Male,Home Decor,Wall Art,2,1383.59,2767.19
2022-10-31,East,36-45,Female,Electronics,Smart Watch,4,2278.8,9115.19
2022-10-31,West,18-25,Male,Home Decor,Curtains,4,1622.19,6488.76
2022-10-31,South,18-25,Male,Books,Cookbook,5,266.08,1330.42
2022-11-01,East,56-65,Female,Beauty,Shampoo,5,656.34,4594.41
2022-11-01,Central,18-25,Female,Beauty,Lipstick,1,636.12,890.57
2022-11-01,West,36-45,Male,Home Decor,Table Lamp,5,970.98,6796.87
2022-11-01,South,56-65,Male,Electronics,Power Bank,4,2140.58,11987.25
2022-11-02,North,36-45,Female,Home Decor,Table Lamp,5,1423.69,9965.8
2022-11-02,East,65+,Male,Sports,Running Shoes,5,1797.64,12583.46
2022-11-02,Central,26-35,Male,Home Decor,Wall Art,4,1218.45,6823.32
2022-11-03,South,26-35,Male,Clothing,Jeans,5,1057.64,7403.47
2022-11-03,East,46-55,Male,Groceries,Coffee Beans,5,183.42,1283.94
2022-11-03,North,36-45,Female,Sports,Cricket Bat,1,1172.34,1641.27
2022-11-04,North,56-65,Female,Home Decor,Cushion Set,3,635.93,2670.91
2022-11-04,Central,36-45,Female,Electronics,Bluetooth Speaker,5,2084.11,14588.77
2022-11-04,South,36-45,Male,Books,Comic Book,4,345.72,1936.03
2022-11-05,North,56-65,Female,Beauty,Shampoo,1,607.53,850.54
2022-11-05,South,46-55,Male,Clothing,Jacket,3,859.09,3608.17
2022-11-05,Central,36-45,Male,Sports,Yoga Mat,4,1263.46,7075.4
2022-11-05,Central,18-25,Male,Clothing,Sneakers,1,770.97,1079.36
2022-11-06,South,36-45,Female,Electronics,Power Bank,1,2257.65,3160.7
2022-11-06,North,36-45,Female,Clothing,Sneakers,3,977.08,4103.73
2022-11-06,East,18-25,Female,Sports,Cricket Bat,5,1659.57,11617.01
2022-11-07,South,26-35,Male,Electronics,Power Bank,1,1489.82,2085.74
2022-11-07,South,36-45,Male,Electronics,Wireless Earbuds,1,2092.07,2928.89
2022-11-07,South,18-25,Male,Electronics,Power Bank,3,2212.11,9290.84
2022-11-08,East,46-55,Female,Sports,Running Shoes,4,1529.79,8566.83
2022-11-08,South,46-55,Female,Sports,Yoga Mat,3,1755.43,7372.79
2022-11-08,North,46-55,Male,Books,Comic Book,1,537.7,752.78
2022-11-08,Central,18-25,Male,Home Decor,Wall Art,4,1752.19,9812.29
2022-11-09,South,36-45,Male,Electronics,Power Bank,1,2705.5,3787.7
2022-11-09,South,26-35,Male,Electronics,Bluetooth Speaker,1,1994.78,2792.69
2022-11-09,Central,26-35,Female,Beauty,Face Cream,5,476.89,3338.25
2022-11-10,West,18-25,Male,Clothing,Sneakers,1,958.4,1341.76
2022-11-10,West,26-35,Female,Clothing,Jacket,1,727.44,1018.42
2022-11-10,North,18-25,Male,Electronics,Bluetooth Speaker,3,2265.04,9513.16
2022-11-11,Central,46-55,Female,Clothing,Sneakers,4,1212.43,6789.61
2022-11-11,West,36-45,Female,Books,Cookbook,2,595.68,1667.89
2022-11-11,South,56-65,Male,Groceries,Coffee Beans,3,282.95,1188.39
2022-11-12,West,18-25,Male,Beauty,Face Cream,2,546.57,1530.4
2022-11-12,South,36-45,Female,Electronics,Smart Watch,5,2454.64,17182.47
2022-11-12,West,26-35,Female,Books,Comic Book,1,470.57,658.79
2022-11-12,West,18-25,Female,Electronics,Bluetooth Speaker,1,2809.71,3933.59
2022-11-13,East,18-25,Female,Electronics,Power Bank,5,2323.56,16264.89
2022-11-13,Central,26-35,Female,Books,Comic Book,1,484.87,678.82
2022-11-13,West,36-45,Female,Electronics,Bluetooth Speaker,5,2243.97,15707.82
2022-11-14,South,26-35,Female,Home Decor,Cushion Set,5,974.08,6818.53
2022-11-14,West,46-55,Male,Groceries,Snack Pack,2,284.14,795.59
2022-11-14,Central,65+,Female,Books,Fiction Novel,2,511.37,1431.82
2022-11-15,North,65+,Male,Clothing,T-Shirt,2,698.52,1955.86
2022-11-15,Central,36-45,Female,Clothing,Jacket,5,642.72,4499.04
2022-11-15,North,18-25,Female,Sports,Running Shoes,2,1506.67,4218.68
2022-11-15,West,36-45,Male,Beauty,Lipstick,1,683.11,956.35
2022-11-16,West,56-65,Male,Books,Cookbook,2,440.24,1232.68
2022-11-16,West,56-65,Female,Electronics,Wireless Earbuds,4,1895.31,10613.73
2022-11-16,North,26-35,Male,Beauty,Shampoo,5,874.79,6123.54
2022-11-17,Central,36-45,Female,Clothing,Jeans,1,1130.54,1582.75
2022-11-17,Central,18-25,Male,Sports,Yoga Mat,3,1341.73,5635.26
2022-11-17,North,26-35,Male,Clothing,Jacket,5,654.78,4583.44
2022-11-18,Central,36-45,Female,Clothing,Jacket,2,887.58,2485.22
2022-11-18,East,26-35,Male,Electronics,Smart Watch,2,1292.39,3618.68
2022-11-18,East,65+,Female,Sports,Running Shoes,4,1648.4,9231.05
2022-11-18,West,46-55,Male,Sports,Running Shoes,4,1478.02,8276.92
2022-11-19,South,26-35,Female,Sports,Cricket Bat,2,1281.1,3587.07
2022-11-19,East,26-35,Female,Beauty,Perfume,1,508.2,711.48
2022-11-19,Central,36-45,Female,Books,Comic Book,3,601.79,2527.5
2022-11-20,Central,26-35,Female,Beauty,Face Cream,3,706.06,2965.47
2022-11-20,Central,36-45,Male,Groceries,Coffee Beans,5,385.8,2700.61
2022-11-20,North,26-35,Male,Electronics,Bluetooth Speaker,2,2337.06,6543.77
2022-11-21,North,46-55,Female,Beauty,Lipstick,3,763.85,3208.19
2022-11-21,West,18-25,Male,Clothing,T-Shirt,3,1016.64,4269.87
2022-11-21,South,26-35,Female,Clothing,Jacket,3,829.1,3482.24
2022-11-22,Central,65+,Female,Books,Self-Help Book,4,442.9,2480.26
2022-11-22,East,26-35,Female,Home Decor,Cushion Set,2,1004.26,2811.93
2022-11-22,North,36-45,Male,Home Decor,Cushion Set,3,1204.73,5059.85
2022-11-22,Central,36-45,Male,Clothing,Jeans,1,1030.75,1443.04
2022-11-23,North,26-35,Female,Books,Self-Help Book,2,501.08,1403.03
2022-11-23,South,18-25,Female,Sports,Cricket Bat,1,2205.2,3087.28
2022-11-23,East,46-55,Male,Electronics,Bluetooth Speaker,4,2488.63,13936.31
2022-11-24,East,26-35,Male,Electronics,Bluetooth Speaker,3,2286.9,9604.99
2022-11-24,Central,56-65,Male,Electronics,Wireless Earbuds,1,2527.59,3538.62
2022-11-24,South,65+,Female,Electronics,Power Bank,5,2868.7,20080.89
2022-11-25,South,56-65,Female,Books,Self-Help Book,2,525.72,1472.01
2022-11-25,West,36-45,Male,Electronics,Bluetooth Speaker,5,1995.93,13971.52
2022-11-25,Central,46-55,Female,Sports,Running Shoes,1,1404.28,1965.99
2022-11-25,South,46-55,Female,Electronics,Bluetooth Speaker,1,1473.19,2062.46
2022-11-26,West,18-25,Female,Electronics,Smart Watch,4,2898.58,16232.03
2022-11-26,West,26-35,Male,Electronics,Wireless Earbuds,3,1675.74,7038.11
2022-11-26,East,46-55,Female,Clothing,Jeans,5,503.55,3524.84
2022-11-27,Central,18-25,Female,Home Decor,Wall Art,5,1318.32,9228.22
2022-11-27,West,26-35,Female,Beauty,Face Cream,4,745.14,4172.76
2022-11-27,West,18-25,Male,Electronics,Smart Watch,4,1796.99,10063.15
2022-11-28,North,26-35,Female,Books,Self-Help Book,5,493.92,3457.44
2022-11-28,East,26-35,Male,Beauty,Face Cream,5,503.01,3521.08
2022-11-28,Central,65+,Male,Home Decor,Table Lamp,3,926.98,3893.33
2022-11-29,South,26-35,Female,Groceries,Snack Pack,2,221.91,621.35
2022-11-29,West,18-25,Female,Electronics,Bluetooth Speaker,3,3112.27,13071.52
2022-11-29,East,36-45,Male,Books,Comic Book,4,526.81,2950.12
2022-11-29,East,56-65,Female,Beauty,Lipstick,5,639.98,4479.83
2022-11-30,East,18-25,Male,Clothing,Sneakers,4,948.04,5309.05
2022-11-30,North,18-25,Female,Sports,Yoga Mat,4,1167.29,6536.82
2022-11-30,North,26-35,Male,Electronics,Smart Watch,2,2446.99,6851.58
2022-12-01,South,18-25,Female,Electronics,Bluetooth Speaker,1,2016.48,2823.08
2022-12-01,West,36-45,Female,Clothing,T-Shirt,4,1228.67,6880.55
2022-12-01,North,26-35,Male,Electronics,Bluetooth Speaker,5,1883.11,13181.78
2022-12-02,West,46-55,Male,Home Decor,Curtains,5,1455.04,10185.31
2022-12-02,West,26-35,Female,Sports,Running Shoes,2,1684.71,4717.18
2022-12-02,Central,46-55,Female,Home Decor,Table Lamp,1,1511.52,2116.13
2022-12-02,North,18-25,Female,Clothing,Sneakers,4,998.5,5591.58
2022-12-03,South,65+,Female,Home Decor,Table Lamp,3,1273.83,5350.1
2022-12-03,South,26-35,Female,Sports,Running Shoes,2,1060.59,2969.66
2022-12-03,South,18-25,Male,Clothing,Jeans,5,785.87,5501.06
2022-12-04,East,18-25,Female,Clothing,Sneakers,2,831.0,2326.79
2022-12-04,East,26-35,Female,Home Decor,Wall Art,4,1378.7,7720.71
2022-12-04,South,36-45,Female,Clothing,Jeans,3,1002.0,4208.38
2022-12-05,East,26-35,Male,Electronics,Power Bank,2,1185.91,3320.53
2022-12-05,West,56-65,Female,Clothing,Jeans,5,680.99,4766.93
2022-12-05,North,26-35,Male,Electronics,Power Bank,5,2153.92,15077.42
2022-12-06,North,46-55,Male,Electronics,Power Bank,4,2203.72,12340.85
2022-12-06,North,26-35,Female,Home Decor,Wall Art,1,1628.94,2280.52
2022-12-06,West,26-35,Male,Groceries,Rice 5kg,2,367.16,1028.05
2022-12-06,Central,26-35,Male,Books,Comic Book,2,401.79,1125.01
2022-12-07,Central,26-35,Female,Clothing,T-Shirt,2,907.7,2541.55
2022-12-07,South,18-25,Male,Home Decor,Table Lamp,4,1515.96,8489.38
2022-12-07,South,26-35,Male,Sports,Cricket Bat,3,1407.46,5911.32
2022-12-08,East,26-35,Male,Groceries,Coffee Beans,1,367.0,513.8
2022-12-08,Central,26-35,Female,Beauty,Shampoo,5,628.5,4399.5
2022-12-08,North,26-35,Male,Books,Self-Help Book,3,553.4,2324.3
2022-12-09,South,18-25,Male,Beauty,Face Cream,1,787.22,1102.11
2022-12-09,North,26-35,Male,Electronics,Wireless Earbuds,5,2443.9,17107.3
2022-12-09,West,26-35,Male,Electronics,Bluetooth Speaker,3,1974.32,8292.13
2022-12-09,Central,36-45,Male,Home Decor,Wall Art,3,774.97,3254.89
2022-12-10,West,26-35,Female,Beauty,Face Cream,3,587.6,2467.91
2022-12-10,West,36-45,Female,Clothing,Jacket,5,1000.6,7004.21
2022-12-10,Central,36-45,Male,Home Decor,Table Lamp,4,840.49,4706.77
2022-12-11,West,18-25,Male,Clothing,Sneakers,5,1107.72,7754.05
2022-12-11,East,26-35,Female,Sports,Dumbbell Set,3,1854.73,7789.87
2022-12-11,West,56-65,Female,Clothing,T-Shirt,3,706.16,2965.89
2022-12-12,Central,65+,Female,Clothing,Jeans,4,679.08,3802.85
2022-12-12,West,36-45,Female,Books,Self-Help Book,1,450.32,630.45
2022-12-12,North,46-55,Male,Sports,Running Shoes,1,1510.51,2114.71
2022-12-12,West,18-25,Male,Beauty,Perfume,4,857.17,4800.13
2022-12-13,North,26-35,Male,Sports,Cricket Bat,5,1199.68,8397.78
2022-12-13,East,36-45,Female,Beauty,Face Cream,5,562.49,3937.44
2022-12-13,North,18-25,Female,Electronics,Power Bank,1,2108.65,2952.1
2022-12-14,West,56-65,Female,Groceries,Snack Pack,3,293.32,1231.96
2022-12-14,Central,65+,Female,Beauty,Lipstick,1,419.21,586.89
2022-12-14,East,26-35,Female,Home Decor,Table Lamp,5,1105.66,7739.64
2022-12-15,South,46-55,Female,Electronics,Wireless Earbuds,2,2399.85,6719.58
2022-12-15,East,26-35,Male,Clothing,T-Shirt,1,925.59,1295.82
2022-12-15,West,56-65,Female,Clothing,Jeans,2,894.0,2503.19
2022-12-16,South,56-65,Male,Groceries,Coffee Beans,1,237.58,332.61
2022-12-16,South,26-35,Female,Electronics,Bluetooth Speaker,5,2361.78,16532.43
2022-12-16,North,26-35,Male,Books,Cookbook,5,263.76,1846.31
2022-12-16,East,26-35,Male,Sports,Dumbbell Set,5,1530.61,10714.3
2022-12-17,West,18-25,Female,Electronics,Wireless Earbuds,4,2881.45,16136.1
2022-12-17,East,36-45,Male,Groceries,Snack Pack,1,296.31,414.83
2022-12-17,North,26-35,Female,Clothing,Sneakers,2,902.77,2527.75
2022-12-18,North,46-55,Male,Groceries,Coffee Beans,4,382.63,2142.74
2022-12-18,South,46-55,Female,Books,Self-Help Book,3,389.41,1635.54
2022-12-18,West,36-45,Male,Books,Fiction Novel,3,461.57,1938.61
2022-12-19,East,18-25,Female,Books,Self-Help Book,2,282.81,791.85
2022-12-19,West,18-25,Female,Groceries,Snack Pack,3,500.81,2103.38
2022-12-19,Central,26-35,Female,Sports,Running Shoes,2,1388.72,3888.41
2022-12-19,East,65+,Female,Clothing,Jacket,3,714.88,3002.51
2022-12-20,North,26-35,Male,Books,Fiction Novel,3,535.98,2251.12
2022-12-20,West,36-45,Female,Electronics,Power Bank,1,1528.29,2139.61
2022-12-20,East,26-35,Male,Sports,Dumbbell Set,4,1609.28,9011.99
2022-12-21,North,46-55,Female,Beauty,Shampoo,3,808.16,3394.26
2022-12-21,North,18-25,Male,Groceries,Cooking Oil,1,409.64,573.49
2022-12-21,South,26-35,Female,Books,Fiction Novel,4,463.91,2597.92
2022-12-22,Central,36-45,Male,Clothing,Sneakers,3,1031.27,4331.33
2022-12-22,South,46-55,Male,Electronics,Power Bank,4,2353.47,13179.42
2022-12-22,East,26-35,Female,Clothing,Jacket,1,1105.78,1548.09
2022-12-23,North,26-35,Female,Electronics,Bluetooth Speaker,3,2143.09,9000.97
2022-12-23,East,36-45,Female,Sports,Cricket Bat,3,1656.51,6957.36
2022-12-23,West,65+,Female,Groceries,Rice 5kg,5,308.58,2160.04
2022-12-23,North,36-45,Male,Home Decor,Cushion Set,5,1568.84,10981.86
2022-12-24,East,26-35,Male,Electronics,Bluetooth Speaker,4,2917.11,16335.82
2022-12-24,South,36-45,Male,Books,Self-Help Book,2,384.44,1076.42
2022-12-24,North,36-45,Female,Beauty,Lipstick,4,877.93,4916.43
2022-12-25,North,46-55,Male,Electronics,Smart Watch,1,2098.66,2938.12
2022-12-25,North,46-55,Female,Sports,Running Shoes,3,1591.31,6683.48
2022-12-25,South,56-65,Male,Groceries,Cooking Oil,4,344.94,1931.64
2022-12-26,East,65+,Male,Electronics,Wireless Earbuds,5,2923.97,20467.76
2022-12-26,East,26-35,Female,Clothing,Sneakers,1,817.36,1144.31
2022-12-26,West,46-55,Female,Home Decor,Table Lamp,4,1119.15,6267.22
2022-12-26,South,26-35,Female,Electronics,Smart Watch,2,2369.93,6635.82
2022-12-27,South,18-25,Female,Groceries,Coffee Beans,5,415.75,2910.23
2022-12-27,South,26-35,Male,Home Decor,Curtains,5,952.45,6667.13
2022-12-27,West,65+,Female,Books,Cookbook,4,641.54,3592.61
2022-12-28,Central,18-25,Male,Groceries,Coffee Beans,1,387.26,542.16
2022-12-28,North,46-55,Male,Electronics,Wireless Earbuds,3,1300.07,5460.31
2022-12-28,South,46-55,Female,Home Decor,Cushion Set,1,733.48,1026.87
2022-12-29,West,46-55,Male,Groceries,Rice 5kg,3,235.38,988.59
2022-12-29,East,56-65,Male,Clothing,Jacket,3,905.07,3801.31
2022-12-29,East,36-45,Male,Groceries,Snack Pack,1,266.8,373.51
2022-12-30,East,36-45,Male,Electronics,Smart Watch,4,1838.22,10294.04
2022-12-30,North,36-45,Male,Clothing,Sneakers,3,866.98,3641.3
2022-12-30,Central,36-45,Male,Clothing,T-Shirt,5,964.83,6753.84
2022-12-30,West,56-65,Male,Clothing,Jacket,1,597.2,836.08
2022-12-31,Central,65+,Female,Home Decor,Table Lamp,3,1461.9,6140.0
2022-12-31,East,26-35,Male,Electronics,Bluetooth Speaker,2,1701.35,4763.77
2022-12-31,North,36-45,Male,Sports,Running Shoes,3,1777.66,7466.15
2023-01-01,South,36-45,Female,Home Decor,Wall Art,3,1447.89,3909.3
2023-01-01,Central,36-45,Female,Beauty,Shampoo,2,793.25,1427.85
2023-01-01,West,46-55,Female,Sports,Cricket Bat,5,1333.71,6001.7
2023-01-02,West,36-45,Female,Beauty,Perfume,5,657.5,2958.75
2023-01-02,Central,26-35,Female,Sports,Yoga Mat,4,1654.51,5956.25
2023-01-02,Central,65+,Female,Groceries,Cooking Oil,5,354.18,1593.83
2023-01-02,Central,36-45,Male,Sports,Dumbbell Set,2,1569.98,2825.97
2023-01-03,West,46-55,Male,Sports,Running Shoes,3,1584.15,4277.21
2023-01-03,East,36-45,Male,Books,Cookbook,2,489.28,880.7
2023-01-03,East,26-35,Male,Home Decor,Curtains,1,1250.5,1125.45
2023-01-04,West,26-35,Female,Electronics,Bluetooth Speaker,4,1721.32,6196.75
2023-01-04,South,18-25,Female,Beauty,Shampoo,4,657.03,2365.3
2023-01-04,East,36-45,Male,Clothing,Jeans,2,860.25,1548.44
2023-01-05,South,18-25,Female,Home Decor,Table Lamp,5,1103.83,4967.26
2023-01-05,Central,18-25,Female,Groceries,Rice 5kg,3,123.19,332.62
2023-01-05,Central,18-25,Male,Clothing,T-Shirt,5,1166.58,5249.62
2023-01-05,South,36-45,Male,Books,Self-Help Book,5,386.99,1741.44
2023-01-06,South,36-45,Female,Electronics,Power Bank,4,2176.13,7834.07
2023-01-06,Central,65+,Male,Sports,Cricket Bat,2,1786.77,3216.18
2023-01-06,East,26-35,Male,Sports,Cricket Bat,1,1161.0,1044.9
2023-01-07,West,26-35,Female,Books,Self-Help Book,5,456.71,2055.19
2023-01-07,South,26-35,Female,Groceries,Cooking Oil,2,396.44,713.6
2023-01-07,South,26-35,Female,Groceries,Rice 5kg,5,367.66,1654.47
2023-01-08,East,36-45,Female,Electronics,Bluetooth Speaker,1,2658.88,2393.0
2023-01-08,North,36-45,Male,Beauty,Face Cream,2,664.31,1195.77
2023-01-08,North,46-55,Female,Clothing,Jacket,2,666.71,1200.08
2023-01-09,East,26-35,Male,Sports,Cricket Bat,1,1597.0,1437.3
2023-01-09,West,18-25,Male,Books,Comic Book,1,445.39,400.85
2023-01-09,North,46-55,Female,Home Decor,Curtains,1,1169.98,1052.98
2023-01-09,West,18-25,Male,Home Decor,Table Lamp,5,1411.92,6353.65
2023-01-10,West,26-35,Male,Beauty,Shampoo,5,400.98,1804.4
2023-01-10,West,26-35,Female,Books,Comic Book,5,417.4,1878.31
2023-01-10,South,18-25,Female,Clothing,Jacket,3,1057.29,2854.69
2023-01-11,South,46-55,Male,Groceries,Coffee Beans,1,463.65,417.29
2023-01-11,North,36-45,Male,Books,Fiction Novel,5,358.45,1613.02
2023-01-11,South,36-45,Female,Electronics,Power Bank,5,2075.6,9340.19
2023-01-12,East,26-35,Male,Books,Comic Book,4,469.68,1690.83
2023-01-12,Central,26-35,Female,Groceries,Coffee Beans,4,459.78,1655.22
2023-01-12,Central,26-35,Female,Electronics,Smart Watch,5,3247.65,14614.43
2023-01-12,Central,46-55,Female,Home Decor,Table Lamp,3,874.25,2360.47
2023-01-13,East,18-25,Male,Home Decor,Cushion Set,2,1388.23,2498.82
2023-01-13,North,36-45,Female,Groceries,Snack Pack,3,300.9,812.42
2023-01-13,North,18-25,Female,Groceries,Snack Pack,1,386.87,348.18
2023-01-14,South,65+,Male,Clothing,Jacket,2,1055.07,1899.12
2023-01-14,Central,18-25,Male,Beauty,Face Cream,3,597.25,1612.58
2023-01-14,South,18-25,Male,Books,Cookbook,2,456.09,820.97
2023-01-15,South,26-35,Male,Books,Cookbook,2,444.48,800.06
2023-01-15,South,46-55,Female,Clothing,Jacket,1,593.68,534.31
2023-01-15,North,18-25,Male,Clothing,Jeans,5,992.35,4465.59
2023-01-16,Central,18-25,Male,Clothing,T-Shirt,2,864.61,1556.29
2023-01-16,North,65+,Female,Sports,Cricket Bat,1,1236.77,1113.1
2023-01-16,East,36-45,Female,Sports,Cricket Bat,3,1515.01,4090.52
2023-01-16,East,36-45,Female,Beauty,Face Cream,3,499.01,1347.32
2023-01-17,North,56-65,Female,Clothing,Jacket,3,932.48,2517.69
2023-01-17,West,46-55,Male,Home Decor,Curtains,4,1185.97,4269.48
2023-01-17,North,56-65,Female,Sports,Running Shoes,1,1567.26,1410.54
2023-01-18,North,46-55,Female,Home Decor,Cushion Set,3,518.06,1398.75
2023-01-18,East,36-45,Male,Sports,Yoga Mat,5,1699.89,7649.49
2023-01-18,Central,18-25,Male,Electronics,Wireless Earbuds,5,1521.15,6845.16
2023-01-19,East,36-45,Female,Sports,Cricket Bat,4,1589.36,5721.68
2023-01-19,West,18-25,Male,Groceries,Rice 5kg,5,288.88,1299.94
2023-01-19,South,26-35,Female,Clothing,Jacket,4,929.99,3347.97
2023-01-19,West,26-35,Male,Clothing,Jacket,4,893.64,3217.11
2023-01-20,East,36-45,Female,Electronics,Bluetooth Speaker,5,2396.03,10782.12
2023-01-20,Central,18-25,Female,Groceries,Cooking Oil,5,281.52,1266.86
2023-01-20,Central,26-35,Female,Clothing,T-Shirt,2,1093.48,1968.27
2023-01-21,West,26-35,Female,Books,Comic Book,3,371.6,1003.33
2023-01-21,South,36-45,Female,Sports,Cricket Bat,5,1256.46,5654.06
2023-01-21,East,36-45,Female,Beauty,Perfume,2,679.37,1222.86
2023-01-22,East,56-65,Female,Books,Self-Help Book,3,435.94,1177.03
2023-01-22,East,36-45,Female,Beauty,Perfume,3,625.6,1689.11
2023-01-22,North,36-45,Female,Clothing,Jacket,5,809.79,3644.07
2023-01-23,South,18-25,Female,Sports,Running Shoes,3,1351.38,3648.72
2023-01-23,South,26-35,Male,Clothing,T-Shirt,4,961.53,3461.5
2023-01-23,Central,26-35,Male,Sports,Cricket Bat,5,1424.66,6410.97
2023-01-23,Central,36-45,Male,Home Decor,Curtains,1,1017.37,915.63
2023-01-24,West,18-25,Female,Home Decor,Curtains,2,1032.24,1858.03
2023-01-24,East,26-35,Male,Books,Cookbook,2,439.08,790.34
2023-01-24,South,65+,Female,Books,Self-Help Book,1,307.05,276.34
2023-01-25,Central,36-45,Female,Groceries,Coffee Beans,4,388.1,1397.17
2023-01-25,North,26-35,Male,Clothing,Jacket,3,943.85,2548.39
2023-01-25,West,65+,Male,Electronics,Wireless Earbuds,5,2202.23,9910.02
2023-01-26,Central,65+,Female,Groceries,Rice 5kg,2,302.16,543.89
2023-01-26,North,26-35,Female,Books,Fiction Novel,1,474.9,427.41
2023-01-26,West,26-35,Female,Groceries,Snack Pack,4,397.57,1431.25
2023-01-26,West,26-35,Female,Groceries,Coffee Beans,4,401.89,1446.79
2023-01-27,North,56-65,Female,Beauty,Lipstick,4,612.46,2204.85
2023-01-27,South,36-45,Male,Books,Self-Help Book,3,573.97,1549.73
2023-01-27,West,26-35,Female,Groceries,Coffee Beans,1,309.64,278.67
2023-01-28,North,56-65,Male,Beauty,Shampoo,2,558.53,1005.35
2023-01-28,West,26-35,Male,Clothing,Sneakers,4,823.07,2963.04
2023-01-28,West,18-25,Male,Clothing,Jeans,5,1110.36,4996.63
2023-01-29,North,46-55,Female,Beauty,Lipstick,2,325.0,585.0
2023-01-29,East,36-45,Male,Groceries,Snack Pack,3,230.21,621.57
2023-01-29,South,26-35,Female,Books,Cookbook,4,393.53,1416.72
2023-01-29,Central,56-65,Male,Books,Self-Help Book,2,325.53,585.95
2023-01-30,East,26-35,Female,Groceries,Rice 5kg,2,421.35,758.44
2023-01-30,West,26-35,Female,Electronics,Wireless Earbuds,4,2490.73,8966.61
2023-01-30,North,36-45,Female,Home Decor,Table Lamp,2,1300.62,2341.11
2023-01-31,East,46-55,Male,Books,Fiction Novel,1,525.67,473.11
2023-01-31,Central,46-55,Male,Beauty,Shampoo,3,725.57,1959.03
2023-01-31,South,36-45,Male,Home Decor,Table Lamp,5,1016.68,4575.06
2023-02-01,North,65+,Female,Sports,Yoga Mat,5,1510.26,6796.17
2023-02-01,North,26-35,Female,Beauty,Perfume,1,526.64,473.97
2023-02-01,Central,18-25,Male,Beauty,Perfume,4,523.47,1884.48
2023-02-02,Central,36-45,Male,Clothing,Jeans,1,902.91,812.62
2023-02-02,Central,26-35,Male,Books,Comic Book,3,549.17,1482.76
2023-02-02,North,65+,Female,Beauty,Shampoo,3,603.02,1628.15
2023-02-02,East,26-35,Male,Books,Self-Help Book,2,508.51,915.32
2023-02-03,South,36-45,Male,Electronics,Power Bank,3,1815.66,4902.28
2023-02-03,Central,56-65,Male,Groceries,Coffee Beans,2,314.89,566.8
2023-02-03,South,46-55,Male,Beauty,Lipstick,4,544.45,1960.0
2023-02-04,West,26-35,Female,Home Decor,Curtains,5,1004.55,4520.49
2023-02-04,West,46-55,Male,Clothing,Jeans,5,930.0,4185.01
2023-02-04,South,26-35,Female,Groceries,Coffee Beans,2,425.28,765.5
2023-02-05,East,26-35,Female,Sports,Cricket Bat,1,1480.03,1332.02
2023-02-05,West,65+,Male,Clothing,Sneakers,5,1001.04,4504.69
2023-02-05,East,65+,Male,Beauty,Perfume,4,475.17,1710.59
2023-02-05,North,65+,Male,Sports,Dumbbell Set,1,1467.95,1321.16
2023-02-06,East,26-35,Male,Electronics,Wireless Earbuds,5,2030.34,9136.52
2023-02-06,Central,18-25,Male,Books,Self-Help Book,4,543.55,1956.77
2023-02-06,Central,18-25,Male,Sports,Cricket Bat,5,1257.81,5660.16
2023-02-07,Central,26-35,Male,Clothing,Jacket,2,759.36,1366.86
2023-02-07,Central,26-35,Male,Beauty,Perfume,3,688.19,1858.1
2023-02-07,North,46-55,Female,Sports,Running Shoes,5,1376.96,6196.3
2023-02-08,Central,26-35,Female,Groceries,Rice 5kg,2,294.86,530.75
2023-02-08,West,26-35,Male,Groceries,Rice 5kg,4,246.39,887.0
2023-02-08,East,56-65,Female,Sports,Dumbbell Set,3,1329.51,3589.69
2023-02-09,West,26-35,Female,Groceries,Snack Pack,3,312.66,844.18
2023-02-09,East,56-65,Male,Electronics,Wireless Earbuds,2,1377.28,2479.1
2023-02-09,East,18-25,Male,Sports,Running Shoes,3,1578.54,4262.06
2023-02-09,West,46-55,Male,Beauty,Perfume,2,580.0,1044.0
2023-02-10,North,36-45,Male,Sports,Cricket Bat,5,1652.97,7438.36
2023-02-10,South,36-45,Male,Beauty,Shampoo,3,705.53,1904.94
2023-02-10,East,36-45,Male,Sports,Dumbbell Set,4,1570.23,5652.83
2023-02-11,Central,36-45,Male,Electronics,Wireless Earbuds,1,2181.19,1963.07
2023-02-11,North,56-65,Female,Groceries,Coffee Beans,2,456.24,821.24
2023-02-11,East,36-45,Female,Books,Cookbook,4,430.4,1549.42
2023-02-12,North,18-25,Male,Groceries,Snack Pack,5,471.35,2121.06
2023-02-12,North,36-45,Male,Sports,Yoga Mat,4,1114.44,4011.97
2023-02-12,West,18-25,Female,Clothing,Sneakers,3,885.0,2389.51
2023-02-12,East,26-35,Female,Groceries,Cooking Oil,5,357.07,1606.8
2023-02-13,West,36-45,Female,Sports,Yoga Mat,2,1106.99,1992.58
2023-02-13,East,36-45,Female,Electronics,Power Bank,1,2781.19,2503.07
2023-02-13,Central,26-35,Female,Books,Cookbook,3,482.91,1303.85
2023-02-14,East,36-45,Male,Home Decor,Table Lamp,4,932.31,3356.3
2023-02-14,West,26-35,Male,Home Decor,Cushion Set,1,1308.44,1177.59
2023-02-14,East,56-65,Male,Clothing,Sneakers,1,812.38,731.14
2023-02-15,West,46-55,Male,Clothing,Jacket,5,879.74,3958.85
2023-02-15,East,18-25,Male,Groceries,Rice 5kg,1,435.27,391.74
2023-02-15,Central,26-35,Female,Electronics,Power Bank,4,2311.89,8322.79
2023-02-15,West,26-35,Female,Home Decor,Table Lamp,5,1217.77,5479.99
2023-02-16,East,26-35,Female,Home Decor,Table Lamp,5,1222.6,5501.7
2023-02-16,East,56-65,Female,Clothing,Jacket,5,724.23,3259.03
2023-02-16,West,36-45,Male,Groceries,Cooking Oil,5,285.62,1285.31
2023-02-17,Central,36-45,Male,Books,Comic Book,5,464.53,2090.4
2023-02-17,West,46-55,Female,Clothing,Sneakers,3,989.2,2670.83
2023-02-17,West,26-35,Female,Clothing,Sneakers,1,892.58,803.32
2023-02-18,Central,46-55,Male,Beauty,Shampoo,4,561.36,2020.89
2023-02-18,West,26-35,Female,Books,Comic Book,2,479.84,863.71
2023-02-18,Central,26-35,Male,Home Decor,Curtains,3,1594.03,4303.88
2023-02-19,North,36-45,Female,Electronics,Smart Watch,5,1840.8,8283.58
2023-02-19,West,26-35,Female,Electronics,Wireless Earbuds,1,2141.13,1927.02
2023-02-19,East,46-55,Male,Electronics,Power Bank,4,1577.46,5678.84
2023-02-19,North,18-25,Female,Home Decor,Curtains,4,1039.43,3741.95
2023-02-20,North,26-35,Female,Clothing,T-Shirt,2,744.15,1339.47
2023-02-20,West,36-45,Female,Clothing,T-Shirt,5,893.5,4020.73
2023-02-20,Central,36-45,Female,Clothing,T-Shirt,5,1133.44,5100.47
2023-02-21,West,26-35,Female,Beauty,Perfume,2,467.06,840.71
2023-02-21,North,26-35,Male,Electronics,Smart Watch,3,2409.45,6505.52
2023-02-21,North,18-25,Female,Electronics,Smart Watch,1,1920.38,1728.34
2023-02-22,North,56-65,Male,Home Decor,Wall Art,5,1604.29,7219.31
2023-02-22,North,36-45,Male,Electronics,Wireless Earbuds,5,1233.26,5549.65
2023-02-22,Central,18-25,Male,Books,Fiction Novel,3,649.29,1753.09
2023-02-22,East,36-45,Female,Clothing,T-Shirt,5,643.68,2896.55
2023-02-23,North,26-35,Male,Clothing,Jacket,2,1129.58,2033.24
2023-02-23,South,36-45,Male,Beauty,Face Cream,1,390.33,351.29
2023-02-23,East,26-35,Male,Clothing,Jeans,2,942.59,1696.66
2023-02-24,Central,18-25,Female,Electronics,Smart Watch,3,1605.17,4333.96
2023-02-24,North,36-45,Male,Electronics,Power Bank,4,2148.83,7735.81
2023-02-24,West,36-45,Female,Clothing,T-Shirt,2,649.91,1169.84
2023-02-25,East,26-35,Female,Sports,Yoga Mat,4,1487.98,5356.73
2023-02-25,Central,18-25,Male,Electronics,Power Bank,4,2004.37,7215.74
2023-02-25,East,46-55,Female,Sports,Cricket Bat,3,1174.92,3172.28
2023-02-26,Central,46-55,Male,Groceries,Cooking Oil,5,385.9,1736.53
2023-02-26,West,65+,Male,Beauty,Lipstick,2,738.09,1328.57
2023-02-26,West,26-35,Female,Beauty,Shampoo,2,650.47,1170.85
2023-02-26,North,26-35,Male,Books,Comic Book,3,354.99,958.47
2023-02-27,West,18-25,Female,Groceries,Cooking Oil,2,344.7,620.47
2023-02-27,North,46-55,Female,Electronics,Bluetooth Speaker,4,1617.18,5821.86
2023-02-27,South,18-25,Male,Sports,Dumbbell Set,5,1588.97,7150.38
2023-02-28,East,18-25,Male,Clothing,Sneakers,2,1023.54,1842.37
2023-02-28,South,18-25,Male,Sports,Running Shoes,1,1403.53,1263.18
2023-02-28,West,46-55,Male,Home Decor,Curtains,5,1011.97,4553.84
2023-03-01,East,36-45,Female,Books,Self-Help Book,4,653.08,2612.34
2023-03-01,West,18-25,Female,Electronics,Wireless Earbuds,2,1931.64,3863.28
2023-03-01,East,26-35,Female,Groceries,Coffee Beans,3,374.78,1124.34
2023-03-01,Central,46-55,Male,Home Decor,Cushion Set,4,1128.93,4515.72
2023-03-02,West,26-35,Male,Clothing,Jacket,2,858.92,1717.84
2023-03-02,West,36-45,Male,Beauty,Perfume,1,769.05,769.05
2023-03-02,West,36-45,Female,Groceries,Snack Pack,4,365.34,1461.38
2023-03-03,South,26-35,Male,Electronics,Wireless Earbuds,4,2584.84,10339.38
2023-03-03,East,18-25,Male,Electronics,Wireless Earbuds,4,1677.9,6711.6
2023-03-03,East,65+,Female,Clothing,Sneakers,2,769.05,1538.1
2023-03-04,West,56-65,Female,Clothing,Jeans,1,848.47,848.47
2023-03-04,South,46-55,Female,Clothing,Jeans,4,806.71,3226.83
2023-03-04,Central,18-25,Male,Groceries,Snack Pack,1,326.61,326.61
2023-03-05,East,46-55,Male,Sports,Cricket Bat,4,1449.26,5797.03
2023-03-05,South,18-25,Female,Groceries,Coffee Beans,3,396.17,1188.52
2023-03-05,West,26-35,Female,Beauty,Perfume,3,495.3,1485.89
2023-03-05,Central,26-35,Female,Home Decor,Table Lamp,4,1214.2,4856.79
2023-03-06,South,36-45,Male,Beauty,Face Cream,1,694.28,694.28
2023-03-06,West,18-25,Male,Beauty,Perfume,5,524.39,2621.97
2023-03-06,Central,36-45,Female,Home Decor,Cushion Set,2,894.09,1788.17
2023-03-07,South,18-25,Male,Books,Cookbook,2,543.0,1085.99
2023-03-07,North,36-45,Male,Electronics,Bluetooth Speaker,2,2392.02,4784.04
2023-03-07,West,46-55,Male,Books,Fiction Novel,1,686.72,686.72
2023-03-08,East,26-35,Female,Clothing,Jacket,3,775.15,2325.46
2023-03-08,West,26-35,Male,Beauty,Face Cream,4,590.02,2360.07
2023-03-08,East,26-35,Female,Sports,Running Shoes,4,1924.34,7697.37
2023-03-08,South,36-45,Female,Electronics,Smart Watch,4,2434.22,9736.87
2023-03-09,Central,65+,Female,Home Decor,Cushion Set,4,1077.33,4309.31
2023-03-09,Central,56-65,Female,Groceries,Cooking Oil,5,335.44,1677.19
2023-03-09,South,46-55,Male,Clothing,Jacket,5,1054.33,5271.66
2023-03-10,West,26-35,Male,Groceries,Rice 5kg,3,221.07,663.22
2023-03-10,East,26-35,Female,Electronics,Smart Watch,1,1729.02,1729.02
2023-03-10,South,65+,Male,Books,Self-Help Book,1,486.2,486.2
2023-03-11,Central,46-55,Male,Beauty,Face Cream,1,811.78,811.78
2023-03-11,North,56-65,Female,Electronics,Bluetooth Speaker,1,2819.67,2819.67
2023-03-11,West,36-45,Male,Electronics,Wireless Earbuds,2,2523.3,5046.59
2023-03-11,South,18-25,Female,Beauty,Perfume,4,508.53,2034.11
2023-03-12,South,18-25,Female,Home Decor,Cushion Set,4,1204.43,4817.74
2023-03-12,North,65+,Male,Clothing,Jeans,2,692.11,1384.22
2023-03-12,South,26-35,Female,Clothing,Sneakers,5,719.5,3597.52
2023-03-13,East,18-25,Male,Sports,Dumbbell Set,1,1386.05,1386.05
2023-03-13,South,26-35,Male,Home Decor,Wall Art,5,954.48,4772.39
2023-03-13,Central,26-35,Female,Books,Self-Help Book,2,355.05,710.09
2023-03-14,East,46-55,Female,Groceries,Cooking Oil,5,337.0,1684.99
2023-03-14,East,46-55,Male,Sports,Running Shoes,2,1484.11,2968.22
2023-03-14,West,65+,Female,Clothing,Sneakers,4,894.84,3579.35
2023-03-15,Central,36-45,Male,Clothing,Jeans,2,1069.39,2138.78
2023-03-15,South,26-35,Female,Electronics,Wireless Earbuds,3,1976.34,5929.01
2023-03-15,Central,36-45,Male,Beauty,Shampoo,2,637.81,1275.63
2023-03-15,North,18-25,Female,Home Decor,Table Lamp,4,1134.86,4539.45
2023-03-16,West,36-45,Female,Sports,Dumbbell Set,5,1520.39,7601.96
2023-03-16,East,65+,Male,Clothing,Sneakers,1,632.5,632.5
2023-03-16,North,46-55,Female,Beauty,Shampoo,4,369.34,1477.38
2023-03-17,Central,36-45,Male,Home Decor,Table Lamp,3,971.35,2914.06
2023-03-17,Central,18-25,Female,Electronics,Power Bank,5,2700.86,13504.28
2023-03-17,Central,36-45,Male,Sports,Cricket Bat,2,1712.77,3425.54
2023-03-18,North,46-55,Female,Books,Fiction Novel,2,472.37,944.74
2023-03-18,South,56-65,Female,Clothing,Jeans,4,1023.92,4095.66
2023-03-18,Central,46-55,Male,Sports,Cricket Bat,4,1440.24,5760.96
2023-03-18,South,56-65,Male,Books,Cookbook,4,397.9,1591.6
2023-03-19,West,26-35,Female,Beauty,Lipstick,2,575.89,1151.77
2023-03-19,North,26-35,Male,Sports,Yoga Mat,4,1904.78,7619.11
2023-03-19,North,18-25,Female,Clothing,Jeans,3,944.32,2832.96
2023-03-20,North,26-35,Male,Beauty,Shampoo,1,626.11,626.11
2023-03-20,North,18-25,Female,Sports,Cricket Bat,1,1780.28,1780.28
2023-03-20,West,36-45,Female,Books,Cookbook,3,563.69,1691.08
2023-03-21,West,46-55,Female,Electronics,Smart Watch,4,2810.84,11243.36
2023-03-21,Central,65+,Female,Clothing,Sneakers,4,828.2,3312.78
2023-03-21,Central,46-55,Male,Groceries,Snack Pack,3,283.85,851.55
2023-03-22,South,56-65,Female,Electronics,Smart Watch,3,1935.71,5807.12
2023-03-22,Central,26-35,Male,Home Decor,Table Lamp,4,1112.16,4448.64
2023-03-22,North,36-45,Male,Clothing,Sneakers,1,597.22,597.22
2023-03-22,East,56-65,Male,Groceries,Coffee Beans,1,421.42,421.42
2023-03-23,North,26-35,Female,Groceries,Snack Pack,5,278.23,1391.16
2023-03-23,South,36-45,Female,Books,Comic Book,3,381.31,1143.93
2023-03-23,South,26-35,Male,Sports,Cricket Bat,2,1038.16,2076.31
2023-03-24,East,26-35,Female,Beauty,Lipstick,4,658.94,2635.75
2023-03-24,North,18-25,Female,Sports,Yoga Mat,2,1151.1,2302.21
2023-03-24,South,65+,Male,Electronics,Smart Watch,4,2385.72,9542.88
2023-03-25,East,65+,Male,Sports,Cricket Bat,2,1667.0,3333.99
2023-03-25,East,26-35,Female,Books,Comic Book,3,462.41,1387.23
2023-03-25,Central,46-55,Male,Clothing,Jacket,4,979.25,3917.01
2023-03-25,West,18-25,Male,Clothing,Sneakers,1,894.46,894.46
2023-03-26,North,36-45,Female,Electronics,Smart Watch,5,2425.74,12128.69
2023-03-26,North,36-45,Male,Groceries,Rice 5kg,3,408.89,1226.66
2023-03-26,West,36-45,Male,Electronics,Power Bank,3,2335.47,7006.42
2023-03-27,East,56-65,Female,Beauty,Perfume,1,542.5,542.5
2023-03-27,South,56-65,Male,Electronics,Power Bank,5,1721.74,8608.71
2023-03-27,South,56-65,Female,Clothing,Sneakers,3,1155.09,3465.27
2023-03-28,East,26-35,Female,Sports,Yoga Mat,5,1885.93,9429.63
2023-03-28,Central,26-35,Male,Electronics,Bluetooth Speaker,1,2401.35,2401.35
2023-03-28,West,46-55,Female,Groceries,Coffee Beans,1,234.36,234.36
2023-03-29,North,36-45,Female,Home Decor,Curtains,1,1635.89,1635.89
2023-03-29,South,46-55,Female,Books,Fiction Novel,4,434.45,1737.8
2023-03-29,North,56-65,Male,Clothing,Jeans,5,1079.79,5398.95
2023-03-29,East,26-35,Female,Groceries,Cooking Oil,5,388.91,1944.54
2023-03-30,West,18-25,Male,Books,Cookbook,1,458.94,458.94
2023-03-30,West,65+,Male,Groceries,Coffee Beans,5,385.07,1925.33
2023-03-30,South,46-55,Male,Groceries,Rice 5kg,2,366.03,732.06
2023-03-31,North,46-55,Female,Books,Self-Help Book,1,363.02,363.02
2023-03-31,West,56-65,Female,Beauty,Shampoo,5,605.75,3028.75
2023-03-31,South,18-25,Male,Sports,Dumbbell Set,1,1504.6,1504.6
2023-04-01,West,56-65,Female,Home Decor,Cushion Set,2,1169.12,2338.24
2023-04-01,South,36-45,Male,Clothing,Jeans,2,1119.48,2238.96
2023-04-01,South,56-65,Female,Clothing,T-Shirt,5,955.22,4776.11
2023-04-01,East,18-25,Female,Clothing,T-Shirt,2,954.7,1909.39
2023-04-02,North,26-35,Male,Sports,Running Shoes,2,1301.4,2602.81
2023-04-02,Central,18-25,Male,Electronics,Smart Watch,3,2750.98,8252.93
2023-04-02,West,56-65,Male,Beauty,Lipstick,3,432.9,1298.69
2023-04-03,West,36-45,Female,Groceries,Rice 5kg,4,369.95,1479.78
2023-04-03,East,36-45,Female,Groceries,Rice 5kg,1,279.13,279.13
2023-04-03,West,26-35,Female,Home Decor,Curtains,4,1205.62,4822.46
2023-04-04,South,46-55,Female,Clothing,Sneakers,5,767.39,3836.93
2023-04-04,West,36-45,Male,Clothing,Jacket,5,910.38,4551.91
2023-04-04,East,56-65,Female,Sports,Running Shoes,4,1472.97,5891.88
2023-04-04,East,26-35,Male,Books,Comic Book,1,466.54,466.54
2023-04-05,East,18-25,Male,Home Decor,Wall Art,1,1374.8,1374.8
2023-04-05,West,26-35,Female,Home Decor,Curtains,2,1036.43,2072.85
2023-04-05,North,26-35,Female,Clothing,Jacket,3,671.51,2014.53
2023-04-06,South,18-25,Male,Beauty,Lipstick,4,585.13,2340.52
2023-04-06,East,26-35,Male,Clothing,Jacket,4,860.86,3443.43
2023-04-06,North,36-45,Female,Home Decor,Cushion Set,5,1324.89,6624.45
2023-04-07,East,18-25,Male,Beauty,Perfume,2,565.75,1131.51
2023-04-07,West,26-35,Female,Electronics,Bluetooth Speaker,5,2587.67,12938.34
2023-04-07,South,36-45,Female,Clothing,Jacket,5,839.35,4196.77
2023-04-08,East,18-25,Male,Books,Fiction Novel,3,510.57,1531.72
2023-04-08,South,26-35,Female,Home Decor,Cushion Set,2,1243.01,2486.03
2023-04-08,South,36-45,Female,Electronics,Wireless Earbuds,5,2492.79,12463.95
2023-04-08,West,26-35,Female,Groceries,Coffee Beans,1,391.93,391.93
2023-04-09,West,56-65,Male,Books,Self-Help Book,4,414.07,1656.26
2023-04-09,Central,36-45,Male,Electronics,Bluetooth Speaker,3,1327.75,3983.25
2023-04-09,South,56-65,Female,Clothing,Jacket,4,1093.13,4372.52
2023-04-10,East,36-45,Male,Clothing,Jeans,1,902.27,902.27
2023-04-10,East,26-35,Female,Groceries,Cooking Oil,3,416.62,1249.87
2023-04-10,Central,65+,Male,Beauty,Perfume,5,575.64,2878.21
2023-04-11,East,18-25,Female,Clothing,Jacket,3,713.91,2141.74
2023-04-11,West,18-25,Female,Home Decor,Curtains,5,1316.71,6583.53
2023-04-11,South,18-25,Male,Groceries,Coffee Beans,3,363.23,1089.68
2023-04-11,Central,26-35,Female,Electronics,Power Bank,5,1877.01,9385.07
2023-04-12,North,56-65,Male,Clothing,Jacket,1,936.06,936.06
2023-04-12,East,18-25,Female,Groceries,Cooking Oil,3,331.48,994.44
2023-04-12,West,18-25,Male,Sports,Yoga Mat,3,1307.12,3921.37
2023-04-13,North,18-25,Female,Books,Cookbook,2,377.49,754.97
2023-04-13,East,46-55,Female,Sports,Running Shoes,2,1245.27,2490.53
2023-04-13,North,46-55,Male,Beauty,Perfume,5,705.09,3525.45
2023-04-14,West,18-25,Female,Sports,Yoga Mat,3,1522.77,4568.32
2023-04-14,South,26-35,Male,Groceries,Coffee Beans,1,335.5,335.5
2023-04-14,West,46-55,Male,Clothing,Sneakers,4,879.56,3518.24
2023-04-15,East,26-35,Female,Beauty,Face Cream,1,504.3,504.3
2023-04-15,North,36-45,Male,Home Decor,Cushion Set,5,841.67,4208.35
2023-04-15,Central,26-35,Female,Clothing,Jeans,1,1035.84,1035.84
2023-04-15,North,46-55,Male,Beauty,Face Cream,1,543.61,543.61
2023-04-16,South,18-25,Male,Clothing,Jeans,3,946.1,2838.31
2023-04-16,North,46-55,Female,Groceries,Coffee Beans,5,314.91,1574.53
2023-04-16,North,18-25,Male,Clothing,T-Shirt,2,589.48,1178.97
2023-04-17,West,26-35,Male,Beauty,Face Cream,3,512.32,1536.97
2023-04-17,East,46-55,Female,Beauty,Perfume,1,449.91,449.91
2023-04-17,South,18-25,Female,Books,Cookbook,3,585.83,1757.5
2023-04-18,Central,36-45,Female,Groceries,Snack Pack,5,335.54,1677.68
2023-04-18,East,26-35,Male,Home Decor,Table Lamp,5,787.05,3935.23
2023-04-18,South,65+,Female,Groceries,Coffee Beans,4,290.87,1163.49
2023-04-18,North,18-25,Female,Electronics,Bluetooth Speaker,5,1871.17,9355.84
2023-04-19,East,36-45,Male,Sports,Dumbbell Set,3,1720.9,5162.7
2023-04-19,North,36-45,Male,Electronics,Power Bank,1,1832.72,1832.72
2023-04-19,Central,26-35,Female,Electronics,Smart Watch,1,2481.56,2481.56
2023-04-20,Central,36-45,Female,Home Decor,Curtains,5,1238.26,6191.32
2023-04-20,South,36-45,Male,Beauty,Lipstick,1,575.84,575.84
2023-04-20,North,46-55,Female,Clothing,Jacket,2,916.65,1833.3
2023-04-21,North,46-55,Male,Electronics,Wireless Earbuds,3,2021.67,6065.01
2023-04-21,Central,26-35,Male,Groceries,Snack Pack,3,300.7,902.1
2023-04-21,Central,56-65,Female,Beauty,Face Cream,1,753.46,753.46
2023-04-22,South,46-55,Male,Sports,Yoga Mat,5,1702.53,8512.66
2023-04-22,Central,56-65,Female,Books,Comic Book,4,395.23,1580.91
2023-04-22,North,36-45,Male,Clothing,Jeans,1,786.12,786.12
2023-04-22,Central,18-25,Male,Beauty,Lipstick,4,564.65,2258.58
2023-04-23,North,18-25,Female,Sports,Running Shoes,2,1515.35,3030.7
2023-04-23,South,46-55,Male,Books,Fiction Novel,5,341.74,1708.72
2023-04-23,Central,26-35,Female,Groceries,Cooking Oil,5,499.46,2497.29
2023-04-24,South,46-55,Female,Electronics,Smart Watch,1,1522.18,1522.18
2023-04-24,West,46-55,Female,Beauty,Lipstick,3,719.81,2159.43
2023-04-24,East,46-55,Male,Groceries,Snack Pack,3,308.88,926.63
2023-04-25,East,26-35,Female,Clothing,Jacket,4,828.58,3314.34
2023-04-25,Central,26-35,Male,Sports,Running Shoes,2,1682.59,3365.18
2023-04-25,West,36-45,Male,Electronics,Wireless Earbuds,4,1884.63,7538.52
2023-04-25,South,18-25,Male,Books,Comic Book,5,470.58,2352.92
2023-04-26,West,18-25,Male,Groceries,Rice 5kg,3,378.79,1136.38
2023-04-26,South,18-25,Male,Books,Comic Book,5,619.98,3099.9
2023-04-26,Central,46-55,Male,Electronics,Wireless Earbuds,1,2444.68,2444.68
2023-04-27,South,18-25,Female,Groceries,Snack Pack,3,538.53,1615.58
2023-04-27,North,46-55,Male,Groceries,Rice 5kg,2,356.18,712.35
2023-04-27,North,56-65,Female,Home Decor,Cushion Set,4,1154.72,4618.87
2023-04-28,East,26-35,Male,Clothing,Jeans,2,951.41,1902.82
2023-04-28,East,46-55,Female,Sports,Running Shoes,1,1633.69,1633.69
2023-04-28,Central,18-25,Male,Electronics,Power Bank,3,2019.9,6059.71
2023-04-28,Central,65+,Male,Clothing,T-Shirt,2,932.89,1865.78
2023-04-29,East,36-45,Male,Home Decor,Table Lamp,4,885.91,3543.63
2023-04-29,South,46-55,Male,Sports,Cricket Bat,3,2207.46,6622.38
2023-04-29,North,56-65,Female,Groceries,Cooking Oil,2,420.88,841.76
2023-04-30,West,46-55,Male,Home Decor,Table Lamp,5,1578.3,7891.5
2023-04-30,South,36-45,Male,Home Decor,Table Lamp,2,1566.36,3132.71
2023-04-30,East,26-35,Male,Groceries,Coffee Beans,2,251.59,503.17
2023-05-01,East,18-25,Female,Electronics,Wireless Earbuds,2,2577.79,5155.59
2023-05-01,South,18-25,Female,Books,Cookbook,5,528.95,2644.76
2023-05-01,South,26-35,Female,Sports,Running Shoes,3,1738.73,5216.18
2023-05-02,North,56-65,Female,Beauty,Lipstick,4,562.79,2251.15
2023-05-02,Central,36-45,Male,Clothing,Sneakers,3,1028.8,3086.41
2023-05-02,Central,65+,Male,Electronics,Smart Watch,3,2674.29,8022.86
2023-05-02,East,36-45,Female,Books,Self-Help Book,3,578.99,1736.98
2023-05-03,East,36-45,Male,Books,Fiction Novel,1,570.35,570.35
2023-05-03,West,36-45,Male,Electronics,Power Bank,2,1764.35,3528.7
2023-05-03,South,26-35,Female,Electronics,Bluetooth Speaker,4,2599.65,10398.62
2023-05-04,Central,18-25,Male,Books,Self-Help Book,3,417.5,1252.49
2023-05-04,East,26-35,Female,Books,Self-Help Book,1,384.66,384.66
2023-05-04,South,26-35,Male,Groceries,Rice 5kg,4,435.4,1741.6
2023-05-05,South,26-35,Male,Sports,Yoga Mat,3,1646.77,4940.32
2023-05-05,Central,18-25,Male,Home Decor,Curtains,5,1381.99,6909.97
2023-05-05,North,56-65,Male,Beauty,Face Cream,4,556.58,2226.33
2023-05-05,South,18-25,Male,Groceries,Rice 5kg,1,205.08,205.08
2023-05-06,North,18-25,Female,Clothing,Jeans,1,1079.86,1079.86
2023-05-06,Central,36-45,Male,Groceries,Snack Pack,4,433.17,1732.7
2023-05-06,Central,65+,Male,Books,Fiction Novel,4,525.52,2102.08
2023-05-07,North,46-55,Female,Beauty,Face Cream,4,753.12,3012.48
2023-05-07,North,18-25,Male,Clothing,T-Shirt,4,950.7,3802.8
2023-05-07,North,46-55,Female,Beauty,Shampoo,3,699.87,2099.6
2023-05-08,South,26-35,Male,Clothing,T-Shirt,2,1062.97,2125.94
2023-05-08,East,36-45,Male,Beauty,Perfume,4,711.75,2847.02
2023-05-08,South,26-35,Male,Beauty,Face Cream,1,618.28,618.28
2023-05-09,West,36-45,Male,Electronics,Smart Watch,1,2506.64,2506.64
2023-05-09,East,65+,Male,Books,Fiction Novel,3,498.89,1496.66
2023-05-09,Central,18-25,Male,Sports,Running Shoes,3,1744.17,5232.5
2023-05-09,North,46-55,Female,Beauty,Lipstick,2,546.1,1092.19
2023-05-10,West,18-25,Female,Books,Comic Book,3,449.27,1347.82
2023-05-10,North,18-25,Male,Electronics,Smart Watch,5,1823.83,9119.15
2023-05-10,East,18-25,Male,Clothing,Jeans,2,893.22,1786.44
2023-05-11,West,65+,Male,Books,Self-Help Book,5,581.7,2908.49
2023-05-11,West,26-35,Male,Groceries,Coffee Beans,5,258.18,1290.89
2023-05-11,North,46-55,Male,Beauty,Lipstick,3,490.68,1472.05
2023-05-12,Central,46-55,Male,Groceries,Rice 5kg,4,435.06,1740.24
2023-05-12,Central,36-45,Female,Electronics,Bluetooth Speaker,4,1937.59,7750.36
2023-05-12,East,65+,Female,Groceries,Coffee Beans,3,302.35,907.05
2023-05-12,East,46-55,Female,Electronics,Smart Watch,2,2500.43,5000.86
2023-05-13,West,26-35,Male,Sports,Yoga Mat,1,1412.31,1412.31
2023-05-13,Central,46-55,Male,Sports,Yoga Mat,2,2071.66,4143.31
2023-05-13,East,36-45,Male,Groceries,Snack Pack,5,262.67,1313.33
2023-05-14,West,36-45,Female,Clothing,Sneakers,3,836.78,2510.33
2023-05-14,West,18-25,Male,Books,Comic Book,4,369.44,1477.78
2023-05-14,West,46-55,Female,Sports,Yoga Mat,5,2012.25,10061.26
2023-05-15,West,18-25,Female,Electronics,Power Bank,5,2529.75,12648.75
2023-05-15,West,18-25,Male,Groceries,Rice 5kg,4,324.45,1297.82
2023-05-15,Central,26-35,Female,Electronics,Wireless Earbuds,2,1771.42,3542.85
2023-05-16,South,65+,Female,Sports,Yoga Mat,1,1369.8,1369.8
2023-05-16,Central,18-25,Male,Groceries,Rice 5kg,2,449.78,899.56
2023-05-16,West,56-65,Female,Electronics,Power Bank,5,2102.87,10514.37
2023-05-16,Central,18-25,Female,Groceries,Cooking Oil,4,325.29,1301.15
2023-05-17,West,56-65,Male,Beauty,Perfume,1,750.14,750.14
2023-05-17,North,26-35,Male,Groceries,Cooking Oil,4,309.42,1237.68
2023-05-17,South,36-45,Female,Home Decor,Cushion Set,3,1093.56,3280.69
2023-05-18,East,36-45,Male,Sports,Dumbbell Set,2,1666.27,3332.53
2023-05-18,Central,26-35,Female,Electronics,Power Bank,1,1994.04,1994.04
2023-05-18,South,26-35,Female,Beauty,Shampoo,5,663.37,3316.84
2023-05-19,North,26-35,Female,Clothing,Sneakers,2,855.41,1710.82
2023-05-19,Central,65+,Male,Home Decor,Cushion Set,5,1144.89,5724.43
2023-05-19,East,36-45,Female,Groceries,Cooking Oil,5,268.91,1344.56
2023-05-19,West,26-35,Male,Clothing,Sneakers,4,932.82,3731.29
2023-05-20,West,18-25,Male,Sports,Running Shoes,2,1702.89,3405.77
2023-05-20,Central,65+,Male,Groceries,Coffee Beans,4,417.96,1671.83
2023-05-20,Central,18-25,Female,Beauty,Face Cream,4,673.9,2695.59
2023-05-21,West,18-25,Female,Books,Fiction Novel,2,569.42,1138.85
2023-05-21,North,26-35,Female,Home Decor,Wall Art,1,949.08,949.08
2023-05-21,South,36-45,Male,Groceries,Coffee Beans,2,396.35,792.71
2023-05-22,West,36-45,Female,Electronics,Bluetooth Speaker,1,2188.08,2188.08
2023-05-22,East,36-45,Female,Groceries,Rice 5kg,1,389.39,389.39
2023-05-22,North,56-65,Female,Books,Comic Book,2,407.19,814.38
2023-05-22,South,65+,Female,Sports,Dumbbell Set,5,1476.78,7383.88
2023-05-23,North,18-25,Female,Beauty,Shampoo,3,707.43,2122.28
2023-05-23,East,46-55,Female,Groceries,Snack Pack,4,315.22,1260.86
2023-05-23,Central,18-25,Male,Books,Self-Help Book,1,536.07,536.07
2023-05-24,South,18-25,Male,Beauty,Perfume,1,715.82,715.82
2023-05-24,South,56-65,Male,Sports,Dumbbell Set,5,1580.02,7900.08
2023-05-24,South,26-35,Female,Beauty,Perfume,2,572.45,1144.9
2023-05-25,South,36-45,Male,Beauty,Perfume,2,653.75,1307.5
2023-05-25,West,26-35,Female,Groceries,Coffee Beans,2,368.71,737.41
2023-05-25,Central,65+,Female,Clothing,T-Shirt,1,590.32,590.32
2023-05-26,North,18-25,Male,Books,Cookbook,5,485.53,2427.64
2023-05-26,East,65+,Female,Beauty,Lipstick,3,606.39,1819.17
2023-05-26,East,18-25,Male,Home Decor,Wall Art,5,1103.83,5519.13
2023-05-26,West,36-45,Male,Beauty,Lipstick,1,766.45,766.45
2023-05-27,West,46-55,Male,Books,Comic Book,5,649.71,3248.56
2023-05-27,Central,18-25,Male,Electronics,Bluetooth Speaker,2,1793.85,3587.7
2023-05-27,South,56-65,Male,Electronics,Wireless Earbuds,4,2263.48,9053.91
2023-05-28,North,26-35,Male,Groceries,Cooking Oil,2,307.15,614.3
2023-05-28,West,36-45,Female,Clothing,Sneakers,5,1256.69,6283.47
2023-05-28,South,56-65,Female,Electronics,Wireless Earbuds,2,1718.95,3437.91
2023-05-29,South,26-35,Male,Books,Self-Help Book,1,422.73,422.73
2023-05-29,South,65+,Female,Books,Self-Help Book,1,419.77,419.77
2023-05-29,Central,18-25,Male,Electronics,Power Bank,5,2150.55,10752.76
2023-05-29,North,26-35,Male,Clothing,Sneakers,2,870.63,1741.25
2023-05-30,North,36-45,Female,Beauty,Shampoo,1,841.73,841.73
2023-05-30,East,56-65,Female,Home Decor,Table Lamp,5,1352.93,6764.63
2023-05-30,Central,46-55,Male,Home Decor,Cushion Set,3,1153.32,3459.95
2023-05-31,East,36-45,Male,Home Decor,Curtains,5,1371.19,6855.94
2023-05-31,East,56-65,Male,Groceries,Coffee Beans,2,379.38,758.75
2023-05-31,South,56-65,Male,Sports,Dumbbell Set,3,1831.05,5493.16
2023-06-01,North,26-35,Male,Clothing,T-Shirt,2,1214.38,2428.76
2023-06-01,Central,46-55,Male,Sports,Dumbbell Set,4,1566.75,6266.99
2023-06-01,North,56-65,Male,Beauty,Lipstick,1,641.23,641.23
2023-06-02,North,65+,Male,Sports,Yoga Mat,5,1499.47,7497.35
2023-06-02,Central,36-45,Male,Home Decor,Cushion Set,3,1660.06,4980.19
2023-06-02,East,46-55,Male,Home Decor,Table Lamp,5,1619.98,8099.88
2023-06-02,North,18-25,Male,Clothing,Jacket,2,843.04,1686.07
2023-06-03,West,26-35,Female,Clothing,Jacket,5,1103.72,5518.6
2023-06-03,South,26-35,Male,Groceries,Coffee Beans,1,332.16,332.16
2023-06-03,North,56-65,Female,Clothing,Jacket,2,915.15,1830.31
2023-06-04,East,46-55,Female,Home Decor,Cushion Set,2,1163.25,2326.5
2023-06-04,South,56-65,Female,Home Decor,Curtains,2,1405.16,2810.32
2023-06-04,South,26-35,Male,Electronics,Bluetooth Speaker,3,2762.18,8286.53
2023-06-05,South,65+,Male,Beauty,Shampoo,2,418.4,836.79
2023-06-05,West,65+,Male,Beauty,Lipstick,3,508.7,1526.09
2023-06-05,West,18-25,Male,Books,Fiction Novel,1,370.47,370.47
2023-06-05,Central,26-35,Male,Books,Cookbook,5,506.79,2533.94
2023-06-06,South,26-35,Female,Electronics,Power Bank,1,2490.15,2490.15
2023-06-06,North,36-45,Female,Sports,Yoga Mat,5,1491.43,7457.14
2023-06-06,South,36-45,Female,Groceries,Cooking Oil,2,421.11,842.21
2023-06-07,North,56-65,Female,Electronics,Wireless Earbuds,1,1906.32,1906.32
2023-06-07,South,56-65,Female,Books,Self-Help Book,2,481.16,962.31
2023-06-07,Central,26-35,Female,Electronics,Power Bank,5,1643.03,8215.14
2023-06-08,North,56-65,Male,Beauty,Perfume,5,696.35,3481.76
2023-06-08,Central,46-55,Female,Electronics,Bluetooth Speaker,2,2036.19,4072.38
2023-06-08,North,18-25,Female,Electronics,Wireless Earbuds,3,2507.59,7522.78
2023-06-08,East,56-65,Male,Electronics,Smart Watch,1,2075.5,2075.5
2023-06-09,East,26-35,Female,Electronics,Smart Watch,2,2127.56,4255.12
2023-06-09,East,46-55,Female,Home Decor,Curtains,1,1015.93,1015.93
2023-06-09,North,36-45,Female,Electronics,Bluetooth Speaker,1,2159.28,2159.28
2023-06-10,West,56-65,Female,Groceries,Rice 5kg,2,310.29,620.58
2023-06-10,Central,36-45,Male,Electronics,Power Bank,5,1929.21,9646.05
2023-06-10,West,18-25,Male,Groceries,Cooking Oil,5,287.84,1439.18
2023-06-11,North,46-55,Male,Sports,Running Shoes,3,1428.0,4284.01
2023-06-11,Central,26-35,Male,Electronics,Bluetooth Speaker,2,1139.11,2278.22
2023-06-11,North,18-25,Female,Books,Fiction Novel,4,412.02,1648.06
2023-06-12,Central,26-35,Female,Books,Fiction Novel,2,608.32,1216.63
2023-06-12,South,46-55,Female,Clothing,Jeans,2,775.31,1550.62
2023-06-12,Central,26-35,Male,Groceries,Rice 5kg,4,228.64,914.58
2023-06-12,South,18-25,Female,Sports,Yoga Mat,3,1022.5,3067.5
2023-06-13,South,18-25,Male,Clothing,Jacket,4,995.33,3981.31
2023-06-13,East,26-35,Female,Home Decor,Curtains,3,1417.53,4252.59
2023-06-13,South,18-25,Male,Beauty,Lipstick,1,346.37,346.37
2023-06-14,East,46-55,Female,Home Decor,Wall Art,4,860.02,3440.07
2023-06-14,South,18-25,Male,Groceries,Rice 5kg,3,357.31,1071.93
2023-06-14,East,18-25,Male,Electronics,Smart Watch,4,2503.68,10014.74
2023-06-15,East,26-35,Male,Electronics,Smart Watch,2,2543.22,5086.44
2023-06-15,Central,56-65,Male,Groceries,Cooking Oil,5,322.16,1610.82
2023-06-15,North,46-55,Male,Beauty,Shampoo,2,351.76,703.51
2023-06-15,East,18-25,Female,Electronics,Wireless Earbuds,2,2034.77,4069.54
2023-06-16,West,36-45,Male,Electronics,Wireless Earbuds,2,2019.26,4038.53
2023-06-16,North,46-55,Female,Groceries,Rice 5kg,4,319.39,1277.55
2023-06-16,South,36-45,Female,Beauty,Perfume,4,655.5,2622.0
2023-06-17,South,26-35,Female,Books,Fiction Novel,4,454.31,1817.24
2023-06-17,Central,18-25,Female,Clothing,Jeans,4,1140.63,4562.53
2023-06-17,Central,46-55,Male,Beauty,Perfume,5,615.39,3076.93
2023-06-18,West,56-65,Female,Books,Comic Book,2,310.79,621.58
2023-06-18,East,26-35,Male,Electronics,Smart Watch,4,2246.06,8984.25
2023-06-18,Central,18-25,Male,Beauty,Shampoo,1,549.79,549.79
2023-06-19,South,65+,Female,Books,Self-Help Book,2,519.82,1039.64
2023-06-19,West,36-45,Female,Sports,Running Shoes,5,1095.36,5476.82
2023-06-19,Central,36-45,Male,Sports,Yoga Mat,4,1110.72,4442.87
2023-06-19,East,26-35,Female,Groceries,Rice 5kg,1,316.85,316.85
2023-06-20,South,36-45,Female,Sports,Dumbbell Set,3,2076.23,6228.69
2023-06-20,West,46-55,Female,Home Decor,Wall Art,1,1434.9,1434.9
2023-06-20,Central,56-65,Female,Beauty,Face Cream,1,584.04,584.04
2023-06-21,Central,46-55,Male,Clothing,Jeans,2,818.53,1637.06
2023-06-21,Central,36-45,Female,Groceries,Snack Pack,1,382.94,382.94
2023-06-21,North,36-45,Male,Electronics,Power Bank,3,1924.93,5774.78
2023-06-22,South,26-35,Male,Clothing,Sneakers,3,806.94,2420.83
2023-06-22,South,46-55,Male,Electronics,Smart Watch,5,2203.99,11019.94
2023-06-22,Central,56-65,Female,Sports,Running Shoes,4,1441.98,5767.92
2023-06-22,East,18-25,Male,Groceries,Coffee Beans,3,329.44,988.33
2023-06-23,West,46-55,Male,Beauty,Shampoo,1,390.2,390.2
2023-06-23,East,26-35,Female,Sports,Yoga Mat,3,1397.41,4192.24
2023-06-23,South,36-45,Male,Groceries,Cooking Oil,5,355.66,1778.32
2023-06-24,North,46-55,Male,Beauty,Lipstick,2,635.89,1271.77
2023-06-24,North,18-25,Female,Clothing,T-Shirt,5,820.38,4101.92
2023-06-24,East,56-65,Male,Beauty,Face Cream,3,445.8,1337.39
2023-06-25,South,18-25,Female,Groceries,Rice 5kg,1,171.76,171.76
2023-06-25,South,56-65,Male,Books,Fiction Novel,1,365.2,365.2
2023-06-25,South,26-35,Female,Electronics,Bluetooth Speaker,2,1903.8,3807.61
2023-06-26,North,26-35,Female,Sports,Cricket Bat,1,1594.72,1594.72
2023-06-26,East,56-65,Male,Electronics,Bluetooth Speaker,2,2855.75,5711.51
2023-06-26,Central,18-25,Female,Clothing,Sneakers,5,598.06,2990.29
2023-06-26,West,36-45,Male,Electronics,Bluetooth Speaker,2,1685.92,3371.84
2023-06-27,Central,36-45,Male,Electronics,Smart Watch,5,2432.4,12162.01
2023-06-27,Central,36-45,Male,Home Decor,Cushion Set,1,1786.73,1786.73
2023-06-27,West,65+,Female,Clothing,Jeans,4,1104.52,4418.07
2023-06-28,North,18-25,Female,Clothing,Sneakers,1,674.2,674.2
2023-06-28,South,36-45,Male,Clothing,Jacket,4,911.82,3647.3
2023-06-28,Central,46-55,Male,Sports,Yoga Mat,3,1684.07,5052.22
2023-06-29,North,56-65,Female,Electronics,Wireless Earbuds,1,1856.31,1856.31
2023-06-29,North,46-55,Male,Groceries,Coffee Beans,4,537.71,2150.83
2023-06-29,Central,36-45,Male,Home Decor,Wall Art,2,1235.71,2471.42
2023-06-29,Central,46-55,Male,Books,Self-Help Book,5,474.27,2371.37
2023-06-30,East,56-65,Male,Groceries,Rice 5kg,2,298.35,596.71
2023-06-30,West,46-55,Male,Groceries,Snack Pack,5,290.64,1453.2
2023-06-30,Central,46-55,Female,Sports,Dumbbell Set,3,1901.83,5705.48
2023-07-01,North,18-25,Male,Beauty,Face Cream,5,672.69,3363.45
2023-07-01,Central,18-25,Female,Electronics,Bluetooth Speaker,3,2135.24,6405.71
2023-07-01,South,18-25,Male,Clothing,Jacket,2,1107.01,2214.03
2023-07-02,South,46-55,Female,Home Decor,Wall Art,5,1217.98,6089.9
2023-07-02,West,18-25,Male,Books,Comic Book,5,316.07,1580.34
2023-07-02,West,26-35,Female,Home Decor,Wall Art,3,748.72,2246.16
2023-07-02,East,18-25,Male,Beauty,Lipstick,5,491.38,2456.9
2023-07-03,Central,46-55,Female,Sports,Yoga Mat,3,1541.41,4624.24
2023-07-03,West,18-25,Female,Electronics,Bluetooth Speaker,2,2099.25,4198.5
2023-07-03,Central,26-35,Male,Beauty,Perfume,5,563.12,2815.59
2023-07-04,West,65+,Female,Beauty,Face Cream,5,565.8,2829.02
2023-07-04,Central,26-35,Female,Clothing,Sneakers,2,1013.25,2026.5
2023-07-04,East,18-25,Male,Electronics,Wireless Earbuds,3,2020.89,6062.67
2023-07-05,Central,46-55,Female,Beauty,Perfume,4,698.65,2794.58
2023-07-05,North,18-25,Female,Beauty,Shampoo,1,569.12,569.12
2023-07-05,West,26-35,Female,Electronics,Smart Watch,4,2010.95,8043.81
2023-07-06,West,46-55,Female,Books,Comic Book,3,512.2,1536.6
2023-07-06,East,18-25,Male,Clothing,T-Shirt,5,970.88,4854.42
2023-07-06,North,26-35,Male,Electronics,Wireless Earbuds,3,1750.73,5252.19
2023-07-06,West,26-35,Male,Clothing,Jeans,3,952.42,2857.27
2023-07-07,North,56-65,Male,Home Decor,Cushion Set,3,1479.87,4439.62
2023-07-07,Central,18-25,Female,Books,Cookbook,3,340.52,1021.56
2023-07-07,South,26-35,Female,Sports,Running Shoes,5,1825.58,9127.91
2023-07-08,East,36-45,Female,Electronics,Power Bank,3,2280.39,6841.17
2023-07-08,South,26-35,Female,Beauty,Face Cream,5,811.4,4057.0
2023-07-08,West,56-65,Female,Sports,Yoga Mat,4,1125.96,4503.82
2023-07-09,East,26-35,Female,Books,Fiction Novel,1,437.5,437.5
2023-07-09,North,56-65,Female,Electronics,Smart Watch,5,1023.14,5115.68
2023-07-09,East,18-25,Female,Home Decor,Cushion Set,1,1130.08,1130.08
2023-07-09,East,46-55,Female,Home Decor,Wall Art,5,1554.51,7772.56
2023-07-10,East,46-55,Male,Electronics,Power Bank,5,2831.24,14156.18
2023-07-10,East,18-25,Male,Groceries,Coffee Beans,3,315.88,947.63
2023-07-10,Central,18-25,Female,Beauty,Face Cream,1,607.49,607.49
2023-07-11,North,46-55,Female,Sports,Running Shoes,3,1490.39,4471.18
2023-07-11,East,18-25,Female,Clothing,Jeans,3,868.73,2606.2
2023-07-11,East,56-65,Male,Groceries,Cooking Oil,4,233.9,935.6
2023-07-12,West,26-35,Male,Beauty,Shampoo,2,753.12,1506.24
2023-07-12,East,18-25,Male,Groceries,Rice 5kg,4,240.52,962.07
2023-07-12,South,65+,Male,Groceries,Snack Pack,5,315.52,1577.6
2023-07-13,East,36-45,Male,Clothing,Sneakers,2,760.18,1520.36
2023-07-13,West,26-35,Female,Sports,Yoga Mat,1,1442.06,1442.06
2023-07-13,Central,26-35,Female,Beauty,Shampoo,4,604.37,2417.47
2023-07-13,Central,26-35,Female,Beauty,Shampoo,2,516.09,1032.17
2023-07-14,West,26-35,Male,Electronics,Wireless Earbuds,1,2621.69,2621.69
2023-07-14,West,18-25,Female,Books,Fiction Novel,3,465.73,1397.2
2023-07-14,West,46-55,Female,Home Decor,Curtains,2,851.11,1702.22
2023-07-15,North,36-45,Male,Groceries,Snack Pack,2,359.12,718.25
2023-07-15,East,36-45,Female,Clothing,Jeans,4,1064.0,4255.99
2023-07-15,South,46-55,Male,Books,Cookbook,2,337.9,675.8
2023-07-16,East,26-35,Male,Electronics,Smart Watch,3,1985.55,5956.65
2023-07-16,Central,56-65,Male,Groceries,Snack Pack,1,407.44,407.44
2023-07-16,West,56-65,Female,Groceries,Cooking Oil,1,354.47,354.47
2023-07-16,East,56-65,Male,Beauty,Shampoo,5,515.43,2577.14
2023-07-17,Central,26-35,Male,Electronics,Power Bank,1,2595.78,2595.78
2023-07-17,North,36-45,Female,Clothing,Jeans,5,924.05,4620.27
2023-07-17,West,26-35,Female,Clothing,T-Shirt,3,877.8,2633.41
2023-07-18,East,26-35,Female,Electronics,Smart Watch,4,1833.22,7332.88
2023-07-18,East,56-65,Female,Sports,Cricket Bat,2,1281.43,2562.86
2023-07-18,South,26-35,Male,Electronics,Power Bank,5,1789.92,8949.6
2023-07-19,Central,18-25,Female,Sports,Dumbbell Set,2,1038.6,2077.21
2023-07-19,East,26-35,Female,Sports,Yoga Mat,3,1459.29,4377.88
2023-07-19,South,18-25,Female,Electronics,Smart Watch,2,1875.46,3750.92
2023-07-20,West,36-45,Male,Sports,Cricket Bat,5,2227.38,11136.92
2023-07-20,East,65+,Female,Home Decor,Curtains,2,1447.89,2895.78
2023-07-20,Central,46-55,Male,Sports,Running Shoes,4,1885.15,7540.6
2023-07-20,East,56-65,Female,Home Decor,Curtains,2,743.18,1486.36
2023-07-21,East,65+,Male,Clothing,Jeans,4,741.95,2967.82
2023-07-21,South,56-65,Male,Groceries,Snack Pack,3,349.48,1048.44
2023-07-21,South,26-35,Female,Sports,Yoga Mat,4,1143.07,4572.29
2023-07-22,West,18-25,Male,Electronics,Power Bank,4,1919.25,7676.99
2023-07-22,East,36-45,Female,Groceries,Coffee Beans,5,390.1,1950.51
2023-07-22,North,26-35,Female,Groceries,Cooking Oil,1,335.52,335.52
2023-07-23,Central,18-25,Male,Clothing,Jeans,4,611.45,2445.78
2023-07-23,West,18-25,Female,Books,Fiction Novel,4,482.92,1931.67
2023-07-23,Central,36-45,Female,Clothing,T-Shirt,5,1140.03,5700.13
2023-07-23,South,26-35,Male,Groceries,Snack Pack,1,394.17,394.17
2023-07-24,North,36-45,Female,Sports,Yoga Mat,5,1537.52,7687.62
2023-07-24,Central,26-35,Male,Groceries,Coffee Beans,2,427.55,855.1
2023-07-24,South,36-45,Female,Clothing,Jacket,1,1244.44,1244.44
2023-07-25,West,26-35,Male,Home Decor,Wall Art,1,1115.71,1115.71
2023-07-25,East,26-35,Male,Clothing,Sneakers,2,923.01,1846.01
2023-07-25,West,26-35,Male,Groceries,Snack Pack,2,431.94,863.89
2023-07-26,South,18-25,Male,Books,Self-Help Book,3,619.87,1859.61
2023-07-26,East,18-25,Male,Beauty,Shampoo,4,491.75,1967.01
2023-07-26,North,36-45,Male,Clothing,Jeans,1,1052.48,1052.48
2023-07-26,Central,56-65,Male,Electronics,Smart Watch,3,1461.74,4385.22
2023-07-27,West,26-35,Female,Groceries,Coffee Beans,2,387.0,773.99
2023-07-27,North,56-65,Male,Groceries,Coffee Beans,3,272.51,817.53
2023-07-27,North,18-25,Male,Clothing,Jacket,1,1117.74,1117.74
2023-07-28,Central,65+,Female,Electronics,Bluetooth Speaker,5,2331.73,11658.67
2023-07-28,East,65+,Male,Sports,Cricket Bat,2,2371.53,4743.07
2023-07-28,North,36-45,Male,Home Decor,Curtains,4,1466.51,5866.04
2023-07-29,North,46-55,Male,Sports,Dumbbell Set,2,1588.23,3176.47
2023-07-29,South,26-35,Female,Electronics,Wireless Earbuds,4,1532.14,6128.57
2023-07-29,North,26-35,Male,Sports,Dumbbell Set,4,2005.15,8020.61
2023-07-30,South,36-45,Female,Sports,Dumbbell Set,1,1393.14,1393.14
2023-07-30,East,26-35,Female,Electronics,Smart Watch,2,2095.33,4190.66
2023-07-30,West,65+,Male,Groceries,Snack Pack,5,487.36,2436.82
2023-07-30,South,18-25,Male,Electronics,Bluetooth Speaker,1,1944.31,1944.31
2023-07-31,South,26-35,Male,Electronics,Power Bank,1,1888.61,1888.61
2023-07-31,East,18-25,Male,Clothing,Sneakers,1,931.36,931.36
2023-07-31,West,26-35,Female,Books,Fiction Novel,5,571.41,2857.06
2023-08-01,South,46-55,Female,Groceries,Rice 5kg,1,422.34,422.34
2023-08-01,Central,56-65,Female,Sports,Dumbbell Set,3,1540.15,4620.46
2023-08-01,South,36-45,Male,Clothing,Jeans,4,1155.11,4620.45
2023-08-02,South,18-25,Male,Clothing,Jacket,5,285.78,1428.92
2023-08-02,East,46-55,Female,Groceries,Coffee Beans,2,344.57,689.15
2023-08-02,North,18-25,Female,Groceries,Rice 5kg,2,387.89,775.77
2023-08-02,West,56-65,Female,Home Decor,Cushion Set,1,1394.44,1394.44
2023-08-03,West,26-35,Male,Groceries,Snack Pack,4,272.52,1090.07
2023-08-03,Central,18-25,Male,Electronics,Power Bank,3,2486.67,7460.01
2023-08-03,North,36-45,Male,Home Decor,Wall Art,4,708.66,2834.65
2023-08-04,South,36-45,Male,Sports,Dumbbell Set,3,1658.43,4975.3
2023-08-04,Central,18-25,Male,Electronics,Power Bank,5,2828.69,14143.43
2023-08-04,North,46-55,Female,Books,Self-Help Book,2,537.67,1075.34
2023-08-05,East,56-65,Female,Sports,Dumbbell Set,4,1817.04,7268.18
2023-08-05,West,56-65,Female,Electronics,Power Bank,1,2257.63,2257.63
2023-08-05,West,36-45,Female,Electronics,Bluetooth Speaker,2,2260.87,4521.75
2023-08-06,East,36-45,Female,Clothing,Jeans,1,828.91,828.91
2023-08-06,North,18-25,Male,Groceries,Rice 5kg,2,372.71,745.42
2023-08-06,South,36-45,Female,Sports,Dumbbell Set,1,1330.96,1330.96
2023-08-06,West,46-55,Male,Beauty,Perfume,3,754.87,2264.61
2023-08-07,South,36-45,Male,Beauty,Perfume,4,453.23,1812.9
2023-08-07,North,46-55,Female,Groceries,Snack Pack,1,347.6,347.6
2023-08-07,West,26-35,Male,Clothing,T-Shirt,5,720.26,3601.3
2023-08-08,West,26-35,Female,Beauty,Face Cream,2,694.22,1388.45
2023-08-08,East,46-55,Male,Clothing,Jeans,3,982.45,2947.34
2023-08-08,Central,36-45,Female,Books,Cookbook,1,276.55,276.55
2023-08-09,Central,36-45,Female,Home Decor,Cushion Set,5,1247.96,6239.8
2023-08-09,West,46-55,Male,Books,Cookbook,2,611.94,1223.88
2023-08-09,West,18-25,Female,Clothing,T-Shirt,1,1095.89,1095.89
2023-08-09,South,26-35,Female,Books,Cookbook,3,330.12,990.35
2023-08-10,Central,26-35,Male,Electronics,Smart Watch,4,2840.99,11363.94
2023-08-10,South,26-35,Female,Books,Self-Help Book,4,525.71,2102.85
2023-08-10,South,36-45,Male,Groceries,Rice 5kg,1,481.8,481.8
2023-08-11,South,26-35,Male,Books,Comic Book,4,435.19,1740.77
2023-08-11,Central,56-65,Male,Electronics,Wireless Earbuds,5,2387.91,11939.56
2023-08-11,North,26-35,Male,Groceries,Rice 5kg,1,378.99,378.99
2023-08-12,North,18-25,Male,Groceries,Rice 5kg,3,371.51,1114.53
2023-08-12,South,46-55,Female,Electronics,Smart Watch,4,2093.98,8375.94
2023-08-12,East,18-25,Female,Clothing,T-Shirt,2,1086.25,2172.49
2023-08-13,East,26-35,Male,Electronics,Bluetooth Speaker,1,2103.31,2103.31
2023-08-13,Central,18-25,Female,Groceries,Cooking Oil,3,336.49,1009.48
2023-08-13,Central,36-45,Male,Groceries,Coffee Beans,2,373.61,747.22
2023-08-13,Central,26-35,Male,Beauty,Face Cream,3,494.34,1483.01
2023-08-14,Central,26-35,Female,Electronics,Smart Watch,2,2990.9,5981.79
2023-08-14,Central,36-45,Female,Beauty,Perfume,3,722.63,2167.9
2023-08-14,Central,36-45,Male,Clothing,Jacket,5,1168.38,5841.92
2023-08-15,West,46-55,Female,Books,Comic Book,5,565.59,2827.95
2023-08-15,South,26-35,Male,Clothing,Sneakers,5,1240.53,6202.66
2023-08-15,East,56-65,Female,Electronics,Bluetooth Speaker,5,1828.69,9143.45
2023-08-16,North,36-45,Male,Sports,Cricket Bat,4,1597.95,6391.82
2023-08-16,North,56-65,Male,Clothing,Jeans,4,1254.84,5019.34
2023-08-16,South,56-65,Female,Groceries,Snack Pack,4,386.95,1547.82
2023-08-16,North,46-55,Male,Electronics,Power Bank,5,2858.28,14291.42
2023-08-17,North,36-45,Male,Sports,Yoga Mat,2,1330.57,2661.15
2023-08-17,South,36-45,Female,Electronics,Bluetooth Speaker,3,1563.72,4691.15
2023-08-17,South,65+,Female,Home Decor,Curtains,2,830.81,1661.63
2023-08-18,East,26-35,Female,Clothing,Jacket,4,1039.61,4158.42
2023-08-18,East,65+,Female,Groceries,Rice 5kg,5,278.72,1393.62
2023-08-18,North,36-45,Female,Clothing,Sneakers,3,689.21,2067.64
2023-08-19,East,46-55,Male,Books,Comic Book,2,381.71,763.41
2023-08-19,East,65+,Female,Beauty,Shampoo,1,589.71,589.71
2023-08-19,East,18-25,Female,Books,Cookbook,2,538.73,1077.45
2023-08-19,East,18-25,Male,Home Decor,Curtains,5,1480.03,7400.13
2023-08-20,Central,65+,Female,Books,Comic Book,1,444.57,444.57
2023-08-20,West,26-35,Female,Groceries,Coffee Beans,1,310.44,310.44
2023-08-20,East,65+,Female,Beauty,Perfume,4,624.63,2498.52
2023-08-21,North,26-35,Female,Beauty,Face Cream,3,696.42,2089.25
2023-08-21,South,18-25,Female,Electronics,Wireless Earbuds,1,2638.73,2638.73
2023-08-21,East,18-25,Male,Home Decor,Cushion Set,3,1551.7,4655.09
2023-08-22,South,36-45,Male,Beauty,Perfume,3,565.42,1696.25
2023-08-22,Central,36-45,Female,Home Decor,Table Lamp,2,1351.4,2702.8
2023-08-22,South,56-65,Female,Sports,Dumbbell Set,3,1899.71,5699.14
2023-08-23,West,26-35,Male,Electronics,Wireless Earbuds,2,2966.99,5933.97
2023-08-23,North,56-65,Female,Electronics,Wireless Earbuds,3,1883.44,5650.32
2023-08-23,North,26-35,Female,Electronics,Smart Watch,3,2069.67,6209.0
2023-08-23,East,56-65,Female,Clothing,Jacket,5,963.75,4818.76
2023-08-24,North,56-65,Male,Clothing,Jacket,4,528.33,2113.3
2023-08-24,Central,46-55,Male,Groceries,Rice 5kg,5,482.44,2412.22
2023-08-24,East,18-25,Male,Electronics,Smart Watch,1,1484.19,1484.19
2023-08-25,North,26-35,Female,Clothing,Jeans,4,812.39,3249.55
2023-08-25,Central,46-55,Female,Electronics,Bluetooth Speaker,5,2448.79,12243.97
2023-08-25,East,46-55,Male,Books,Self-Help Book,5,401.8,2009.0
2023-08-26,Central,36-45,Male,Sports,Yoga Mat,3,1606.13,4818.38
2023-08-26,West,36-45,Female,Electronics,Wireless Earbuds,3,2589.62,7768.86
2023-08-26,North,18-25,Female,Electronics,Power Bank,1,1596.8,1596.8
2023-08-26,South,36-45,Male,Electronics,Wireless Earbuds,2,2459.34,4918.67
2023-08-27,South,36-45,Male,Beauty,Perfume,4,731.11,2924.45
2023-08-27,East,18-25,Male,Books,Comic Book,4,436.47,1745.87
2023-08-27,South,56-65,Male,Books,Fiction Novel,3,443.5,1330.5
2023-08-28,North,46-55,Female,Clothing,Jacket,2,1074.99,2149.98
2023-08-28,South,46-55,Female,Clothing,Sneakers,2,1336.25,2672.49
2023-08-28,Central,18-25,Female,Home Decor,Table Lamp,1,1233.25,1233.25
2023-08-29,East,46-55,Female,Sports,Cricket Bat,3,1563.48,4690.44
2023-08-29,East,26-35,Female,Sports,Running Shoes,2,1549.15,3098.29
2023-08-29,West,46-55,Male,Clothing,Jacket,5,1086.91,5434.57
2023-08-30,West,46-55,Male,Electronics,Wireless Earbuds,4,2007.04,8028.16
2023-08-30,North,26-35,Female,Clothing,T-Shirt,2,1063.0,2126.0
2023-08-30,East,36-45,Female,Books,Fiction Novel,5,348.33,1741.65
2023-08-30,Central,36-45,Female,Beauty,Lipstick,4,540.82,2163.29
2023-08-31,West,36-45,Female,Groceries,Cooking Oil,2,385.63,771.26
2023-08-31,North,46-55,Male,Home Decor,Table Lamp,3,977.03,2931.08
2023-08-31,North,26-35,Male,Beauty,Face Cream,4,520.2,2080.81
2023-09-01,West,65+,Male,Sports,Yoga Mat,2,946.44,1892.89
2023-09-01,West,65+,Male,Home Decor,Wall Art,2,1473.92,2947.85
2023-09-01,North,36-45,Female,Sports,Running Shoes,5,1015.81,5079.03
2023-09-02,North,65+,Male,Books,Comic Book,3,397.53,1192.6
2023-09-02,North,18-25,Female,Electronics,Power Bank,3,2179.95,6539.84
2023-09-02,Central,18-25,Female,Clothing,Sneakers,3,749.78,2249.33
2023-09-02,West,36-45,Female,Sports,Yoga Mat,1,1432.01,1432.01
2023-09-03,West,36-45,Male,Books,Self-Help Book,5,373.78,1868.9
2023-09-03,Central,18-25,Male,Sports,Yoga Mat,1,1744.13,1744.13
2023-09-03,East,26-35,Female,Clothing,Jacket,5,925.45,4627.23
2023-09-04,East,18-25,Female,Groceries,Cooking Oil,3,604.31,1812.92
2023-09-04,West,36-45,Female,Clothing,T-Shirt,4,684.29,2737.16
2023-09-04,South,46-55,Male,Electronics,Smart Watch,3,2395.79,7187.37
2023-09-05,East,18-25,Male,Sports,Cricket Bat,2,1366.17,2732.35
2023-09-05,West,26-35,Female,Electronics,Wireless Earbuds,4,1843.07,7372.26
2023-09-05,Central,18-25,Female,Books,Self-Help Book,5,543.3,2716.49
2023-09-06,Central,36-45,Female,Electronics,Smart Watch,1,2097.42,2097.42
2023-09-06,Central,65+,Female,Groceries,Rice 5kg,5,311.43,1557.15
2023-09-06,West,26-35,Female,Sports,Yoga Mat,4,1708.06,6832.25
2023-09-06,North,18-25,Female,Groceries,Coffee Beans,3,186.66,559.97
2023-09-07,North,36-45,Female,Sports,Running Shoes,2,1295.73,2591.46
2023-09-07,West,56-65,Male,Clothing,Sneakers,1,980.25,980.25
2023-09-07,East,26-35,Male,Books,Fiction Novel,5,464.28,2321.42
2023-09-08,South,56-65,Female,Beauty,Lipstick,5,774.79,3873.95
2023-09-08,West,18-25,Male,Home Decor,Wall Art,3,1199.34,3598.03
2023-09-08,West,36-45,Male,Clothing,Jacket,4,512.97,2051.87
2023-09-09,West,18-25,Male,Clothing,T-Shirt,4,783.11,3132.42
2023-09-09,West,36-45,Female,Books,Fiction Novel,2,497.86,995.72
2023-09-09,East,18-25,Male,Electronics,Wireless Earbuds,4,2196.54,8786.15
2023-09-09,North,26-35,Male,Home Decor,Cushion Set,4,959.72,3838.86
2023-09-10,North,26-35,Male,Books,Fiction Novel,1,326.38,326.38
2023-09-10,West,46-55,Male,Groceries,Rice 5kg,1,469.02,469.02
2023-09-10,Central,18-25,Male,Sports,Running Shoes,1,1280.99,1280.99
2023-09-11,North,65+,Male,Sports,Cricket Bat,4,1571.7,6286.78
2023-09-11,East,18-25,Female,Books,Fiction Novel,4,412.07,1648.28
2023-09-11,South,26-35,Male,Home Decor,Wall Art,1,1352.88,1352.88
2023-09-12,South,18-25,Male,Clothing,T-Shirt,5,990.15,4950.75
2023-09-12,South,26-35,Female,Electronics,Wireless Earbuds,4,2655.54,10622.17
2023-09-12,North,26-35,Female,Electronics,Wireless Earbuds,5,2279.79,11398.94
2023-09-12,Central,26-35,Male,Sports,Cricket Bat,4,1414.37,5657.5
2023-09-13,West,36-45,Male,Clothing,Jacket,4,863.79,3455.15
2023-09-13,West,36-45,Male,Beauty,Face Cream,4,527.66,2110.64
2023-09-13,South,65+,Male,Electronics,Bluetooth Speaker,4,2363.45,9453.8
2023-09-14,Central,26-35,Male,Clothing,Jacket,5,789.95,3949.74
2023-09-14,East,36-45,Male,Groceries,Rice 5kg,1,270.59,270.59
2023-09-14,West,18-25,Female,Beauty,Lipstick,3,712.28,2136.83
2023-09-15,South,18-25,Male,Sports,Yoga Mat,4,908.59,3634.38
2023-09-15,Central,18-25,Male,Books,Cookbook,2,471.68,943.36
2023-09-15,North,26-35,Male,Groceries,Coffee Beans,2,402.01,804.03
2023-09-16,West,36-45,Male,Sports,Running Shoes,4,1203.63,4814.52
2023-09-16,South,65+,Female,Clothing,Sneakers,5,821.71,4108.56
2023-09-16,West,26-35,Female,Sports,Yoga Mat,3,1093.58,3280.73
2023-09-16,South,46-55,Female,Electronics,Bluetooth Speaker,1,1923.36,1923.36
2023-09-17,West,56-65,Male,Clothing,Jeans,2,583.72,1167.44
2023-09-17,West,36-45,Female,Groceries,Rice 5kg,3,395.57,1186.72
2023-09-17,East,26-35,Female,Beauty,Perfume,5,644.26,3221.29
2023-09-18,North,26-35,Male,Clothing,T-Shirt,3,1135.99,3407.96
2023-09-18,East,56-65,Male,Books,Cookbook,3,387.75,1163.25
2023-09-18,North,56-65,Female,Electronics,Wireless Earbuds,4,2105.57,8422.28
2023-09-19,North,26-35,Female,Electronics,Power Bank,5,2912.18,14560.9
2023-09-19,Central,26-35,Male,Clothing,T-Shirt,2,1002.24,2004.48
2023-09-19,North,26-35,Male,Beauty,Perfume,4,423.39,1693.57
2023-09-19,South,36-45,Male,Books,Fiction Novel,1,489.77,489.77
2023-09-20,West,36-45,Female,Sports,Cricket Bat,2,1677.43,3354.86
2023-09-20,South,18-25,Male,Beauty,Lipstick,2,562.46,1124.92
2023-09-20,West,26-35,Female,Clothing,T-Shirt,3,610.4,1831.21
2023-09-21,South,36-45,Male,Home Decor,Table Lamp,4,1573.92,6295.69
2023-09-21,North,46-55,Male,Groceries,Rice 5kg,1,345.85,345.85
2023-09-21,Central,46-55,Female,Sports,Cricket Bat,1,1320.2,1320.2
2023-09-22,North,46-55,Female,Electronics,Bluetooth Speaker,5,2110.83,10554.15
2023-09-22,West,18-25,Male,Sports,Cricket Bat,4,1348.21,5392.85
2023-09-22,West,36-45,Female,Groceries,Cooking Oil,1,504.42,504.42
2023-09-23,South,18-25,Male,Clothing,Jacket,2,982.43,1964.86
2023-09-23,North,26-35,Female,Electronics,Power Bank,1,1309.0,1309.0
2023-09-23,North,18-25,Female,Electronics,Bluetooth Speaker,5,2459.83,12299.14
2023-09-23,Central,36-45,Male,Beauty,Shampoo,2,731.08,1462.17
2023-09-24,Central,26-35,Male,Home Decor,Cushion Set,5,1294.23,6471.13
2023-09-24,West,36-45,Male,Beauty,Shampoo,5,570.72,2853.58
2023-09-24,North,26-35,Male,Sports,Dumbbell Set,3,2050.9,6152.7
2023-09-25,Central,36-45,Female,Electronics,Power Bank,1,2056.9,2056.9
2023-09-25,Central,65+,Female,Groceries,Rice 5kg,4,291.58,1166.34
2023-09-25,North,26-35,Female,Beauty,Shampoo,4,457.93,1831.73
2023-09-26,East,56-65,Male,Clothing,Sneakers,3,1152.64,3457.93
2023-09-26,East,36-45,Male,Clothing,T-Shirt,5,873.41,4367.03
2023-09-26,West,36-45,Female,Sports,Yoga Mat,3,1709.63,5128.9
2023-09-26,North,18-25,Female,Electronics,Smart Watch,1,1532.3,1532.3
2023-09-27,North,65+,Female,Groceries,Rice 5kg,3,353.52,1060.56
2023-09-27,West,65+,Female,Books,Fiction Novel,2,579.92,1159.85
2023-09-27,West,36-45,Male,Books,Cookbook,5,303.65,1518.27
2023-09-28,South,65+,Female,Electronics,Wireless Earbuds,1,1662.77,1662.77
2023-09-28,North,36-45,Male,Sports,Dumbbell Set,5,1299.31,6496.56
2023-09-28,North,26-35,Female,Electronics,Power Bank,1,1979.45,1979.45
2023-09-29,South,46-55,Female,Clothing,Sneakers,4,820.71,3282.82
2023-09-29,South,36-45,Female,Electronics,Bluetooth Speaker,3,2438.35,7315.04
2023-09-29,Central,26-35,Female,Groceries,Snack Pack,4,283.4,1133.61
2023-09-30,South,56-65,Male,Beauty,Perfume,4,589.55,2358.19
2023-09-30,Central,18-25,Female,Clothing,Jacket,5,770.99,3854.97
2023-09-30,North,36-45,Female,Home Decor,Table Lamp,1,1371.56,1371.56
2023-09-30,North,46-55,Male,Books,Self-Help Book,4,422.07,1688.26
2023-10-01,West,36-45,Male,Books,Fiction Novel,4,526.74,2106.95
2023-10-01,Central,18-25,Male,Beauty,Shampoo,5,742.83,3714.13
2023-10-01,Central,26-35,Male,Groceries,Snack Pack,1,447.07,447.07
2023-10-02,North,26-35,Male,Electronics,Power Bank,5,2143.25,10716.26
2023-10-02,East,36-45,Female,Beauty,Face Cream,1,472.77,472.77
2023-10-02,West,36-45,Female,Sports,Cricket Bat,5,1352.42,6762.09
2023-10-03,Central,46-55,Male,Clothing,Jeans,1,1032.1,1032.1
2023-10-03,Central,46-55,Male,Clothing,T-Shirt,5,1310.72,6553.6
2023-10-03,South,56-65,Male,Books,Self-Help Book,1,451.43,451.43
2023-10-03,East,36-45,Male,Beauty,Shampoo,4,584.91,2339.64
2023-10-04,Central,26-35,Female,Electronics,Bluetooth Speaker,3,977.58,2932.73
2023-10-04,North,46-55,Female,Electronics,Bluetooth Speaker,4,1547.22,6188.89
2023-10-04,South,18-25,Female,Books,Cookbook,2,470.9,941.8
2023-10-05,East,26-35,Male,Groceries,Rice 5kg,5,347.39,1736.95
2023-10-05,Central,36-45,Female,Electronics,Bluetooth Speaker,5,1813.91,9069.55
2023-10-05,South,65+,Male,Home Decor,Curtains,2,983.36,1966.73
2023-10-06,West,36-45,Male,Clothing,Jeans,4,632.04,2528.16
2023-10-06,East,18-25,Male,Beauty,Face Cream,4,428.3,1713.2
2023-10-06,West,26-35,Female,Home Decor,Curtains,1,1215.6,1215.6
2023-10-06,West,56-65,Male,Books,Self-Help Book,2,278.96,557.93
2023-10-07,Central,46-55,Female,Home Decor,Curtains,3,1306.89,3920.66
2023-10-07,Central,26-35,Male,Books,Self-Help Book,4,498.07,1992.26
2023-10-07,South,26-35,Female,Beauty,Perfume,1,635.5,635.5
2023-10-08,South,56-65,Female,Books,Fiction Novel,2,525.75,1051.5
2023-10-08,West,26-35,Female,Clothing,T-Shirt,2,1090.81,2181.62
2023-10-08,North,56-65,Male,Clothing,Jacket,5,717.91,3589.55
2023-10-09,Central,46-55,Female,Electronics,Wireless Earbuds,5,2165.77,10828.86
2023-10-09,South,26-35,Female,Clothing,T-Shirt,1,942.73,942.73
2023-10-09,South,36-45,Female,Beauty,Face Cream,1,776.14,776.14
2023-10-10,North,26-35,Male,Sports,Dumbbell Set,4,1329.91,5319.65
2023-10-10,North,18-25,Male,Electronics,Bluetooth Speaker,4,2490.18,9960.71
2023-10-10,South,46-55,Female,Home Decor,Table Lamp,4,1347.98,5391.94
2023-10-10,West,36-45,Female,Electronics,Smart Watch,2,1913.92,3827.84
2023-10-11,East,18-25,Female,Clothing,Sneakers,5,1073.63,5368.13
2023-10-11,Central,36-45,Female,Groceries,Snack Pack,3,365.3,1095.89
2023-10-11,Central,46-55,Female,Books,Fiction Novel,2,489.42,978.83
2023-10-12,West,36-45,Male,Beauty,Lipstick,3,729.19,2187.58
2023-10-12,North,26-35,Female,Electronics,Smart Watch,5,2668.84,13344.18
2023-10-12,South,18-25,Male,Home Decor,Curtains,1,1144.75,1144.75
2023-10-13,East,26-35,Female,Electronics,Smart Watch,5,2139.02,10695.1
2023-10-13,North,26-35,Male,Home Decor,Curtains,1,1290.17,1290.17
2023-10-13,Central,26-35,Male,Groceries,Snack Pack,5,330.68,1653.4
2023-10-13,South,46-55,Male,Books,Comic Book,2,515.31,1030.63
2023-10-14,South,46-55,Female,Electronics,Wireless Earbuds,3,2476.74,7430.23
2023-10-14,East,36-45,Female,Home Decor,Wall Art,1,1031.19,1031.19
2023-10-14,North,18-25,Female,Electronics,Wireless Earbuds,1,2736.66,2736.66
2023-10-15,South,26-35,Male,Clothing,T-Shirt,5,885.0,4424.99
2023-10-15,South,26-35,Female,Clothing,Sneakers,2,653.21,1306.43
2023-10-15,South,56-65,Male,Beauty,Perfume,1,258.84,258.84
2023-10-16,North,65+,Male,Sports,Yoga Mat,2,944.66,1889.33
2023-10-16,Central,26-35,Female,Beauty,Lipstick,3,807.34,2422.02
2023-10-16,Central,26-35,Male,Groceries,Rice 5kg,5,226.6,1132.99
2023-10-17,West,26-35,Male,Home Decor,Cushion Set,3,1707.7,5123.1
2023-10-17,South,18-25,Female,Sports,Yoga Mat,5,920.14,4600.68
2023-10-17,East,36-45,Male,Beauty,Perfume,4,616.68,2466.71
2023-10-17,Central,56-65,Female,Beauty,Lipstick,3,608.26,1824.79
2023-10-18,North,36-45,Female,Electronics,Power Bank,5,2764.51,13822.54
2023-10-18,North,26-35,Female,Groceries,Snack Pack,1,315.83,315.83
2023-10-18,Central,26-35,Male,Groceries,Rice 5kg,5,375.39,1876.93
2023-10-19,West,26-35,Female,Clothing,Jacket,1,1161.94,1161.94
2023-10-19,Central,26-35,Male,Home Decor,Table Lamp,1,1221.61,1221.61
2023-10-19,South,26-35,Male,Home Decor,Table Lamp,2,1157.14,2314.28
2023-10-20,South,56-65,Female,Sports,Dumbbell Set,3,1949.74,5849.23
2023-10-20,North,26-35,Male,Clothing,Sneakers,2,1105.04,2210.07
2023-10-20,Central,26-35,Male,Groceries,Cooking Oil,4,351.16,1404.62
2023-10-20,North,56-65,Female,Groceries,Coffee Beans,2,331.33,662.66
2023-10-21,East,26-35,Female,Home Decor,Wall Art,5,1403.71,7018.53
2023-10-21,North,36-45,Male,Electronics,Bluetooth Speaker,3,2411.35,7234.05
2023-10-21,Central,46-55,Male,Clothing,Jeans,1,1021.43,1021.43
2023-10-22,Central,46-55,Female,Electronics,Power Bank,1,1296.89,1296.89
2023-10-22,North,36-45,Female,Beauty,Lipstick,3,550.38,1651.14
2023-10-22,South,36-45,Male,Clothing,Jacket,3,1083.86,3251.57
2023-10-23,East,26-35,Male,Clothing,Jeans,2,714.26,1428.52
2023-10-23,West,18-25,Male,Sports,Cricket Bat,2,1506.1,3012.2
2023-10-23,Central,26-35,Female,Sports,Running Shoes,3,1756.07,5268.21
2023-10-23,South,36-45,Male,Groceries,Snack Pack,4,391.54,1566.17
2023-10-24,West,46-55,Female,Electronics,Smart Watch,5,2186.7,10933.5
2023-10-24,North,65+,Female,Electronics,Bluetooth Speaker,4,2042.15,8168.59
2023-10-24,North,46-55,Female,Groceries,Cooking Oil,4,432.35,1729.41
2023-10-25,East,56-65,Female,Books,Comic Book,2,562.92,1125.84
2023-10-25,South,36-45,Female,Clothing,T-Shirt,2,1089.66,2179.32
2023-10-25,Central,36-45,Female,Groceries,Snack Pack,3,344.1,1032.3
2023-10-26,South,56-65,Female,Electronics,Wireless Earbuds,4,2051.35,8205.38
2023-10-26,South,46-55,Female,Groceries,Snack Pack,3,330.07,990.22
2023-10-26,South,36-45,Female,Electronics,Wireless Earbuds,5,2600.94,13004.72
2023-10-27,West,26-35,Male,Beauty,Face Cream,1,665.85,665.85
2023-10-27,West,26-35,Female,Books,Cookbook,1,578.0,578.0
2023-10-27,South,65+,Female,Home Decor,Wall Art,4,1228.22,4912.89
2023-10-27,Central,46-55,Female,Clothing,Sneakers,5,1091.66,5458.31
2023-10-28,West,26-35,Female,Beauty,Perfume,4,403.82,1615.28
2023-10-28,North,26-35,Female,Beauty,Perfume,4,544.24,2176.94
2023-10-28,Central,46-55,Male,Beauty,Lipstick,2,500.23,1000.47
2023-10-29,South,18-25,Female,Clothing,Jacket,2,719.57,1439.13
2023-10-29,South,26-35,Female,Home Decor,Curtains,1,1324.39,1324.39
2023-10-29,West,56-65,Female,Electronics,Power Bank,4,2616.61,10466.43
2023-10-30,North,18-25,Female,Home Decor,Cushion Set,1,1008.96,1008.96
2023-10-30,North,65+,Male,Home Decor,Wall Art,1,1175.4,1175.4
2023-10-30,North,26-35,Female,Home Decor,Table Lamp,3,1096.71,3290.13
2023-10-30,West,18-25,Male,Books,Fiction Novel,1,585.17,585.17
2023-10-31,South,56-65,Female,Electronics,Smart Watch,1,2427.99,2427.99
2023-10-31,South,26-35,Male,Books,Self-Help Book,3,479.41,1438.23
2023-10-31,South,36-45,Male,Clothing,T-Shirt,5,1061.69,5308.46
2023-11-01,Central,36-45,Female,Groceries,Rice 5kg,4,380.1,2128.57
2023-11-01,East,36-45,Female,Home Decor,Cushion Set,5,1247.45,8732.17
2023-11-01,South,46-55,Female,Clothing,Jeans,2,1084.75,3037.3
2023-11-02,Central,18-25,Female,Groceries,Cooking Oil,1,121.21,169.69
2023-11-02,South,65+,Male,Groceries,Snack Pack,1,366.74,513.43
2023-11-02,Central,36-45,Female,Beauty,Lipstick,2,537.19,1504.13
2023-11-03,East,18-25,Female,Electronics,Smart Watch,3,2215.58,9305.42
2023-11-03,East,65+,Male,Groceries,Snack Pack,2,375.95,1052.65
2023-11-03,South,26-35,Female,Electronics,Smart Watch,5,2182.35,15276.42
2023-11-03,Central,65+,Female,Home Decor,Wall Art,4,1035.56,5799.11
2023-11-04,East,36-45,Male,Beauty,Perfume,5,578.44,4049.09
2023-11-04,West,36-45,Male,Books,Cookbook,1,376.37,526.92
2023-11-04,South,46-55,Female,Clothing,Sneakers,5,851.27,5958.86
2023-11-05,Central,36-45,Male,Groceries,Snack Pack,2,425.98,1192.74
2023-11-05,West,26-35,Female,Home Decor,Table Lamp,1,1266.08,1772.51
2023-11-05,South,26-35,Male,Clothing,Jeans,2,935.03,2618.09
2023-11-06,North,36-45,Female,Groceries,Cooking Oil,1,414.54,580.36
2023-11-06,East,56-65,Female,Beauty,Lipstick,2,652.73,1827.65
2023-11-06,Central,65+,Female,Electronics,Power Bank,4,1734.19,9711.46
2023-11-06,Central,36-45,Female,Sports,Dumbbell Set,4,1493.89,8365.78
2023-11-07,South,36-45,Male,Sports,Yoga Mat,2,1836.87,5143.23
2023-11-07,Central,18-25,Male,Clothing,Jeans,3,795.62,3341.61
2023-11-07,North,26-35,Male,Electronics,Smart Watch,2,2130.8,5966.24
2023-11-08,South,36-45,Female,Clothing,Jeans,5,1058.41,7408.88
2023-11-08,West,26-35,Female,Groceries,Cooking Oil,1,360.69,504.97
2023-11-08,North,26-35,Male,Clothing,T-Shirt,5,817.3,5721.13
2023-11-09,West,46-55,Female,Beauty,Shampoo,3,657.58,2761.84
2023-11-09,North,18-25,Male,Beauty,Face Cream,3,737.92,3099.28
2023-11-09,South,65+,Female,Groceries,Snack Pack,4,273.22,1530.06
2023-11-10,South,26-35,Male,Electronics,Bluetooth Speaker,5,2077.9,14545.28
2023-11-10,West,36-45,Male,Groceries,Rice 5kg,4,275.72,1544.06
2023-11-10,South,36-45,Female,Electronics,Bluetooth Speaker,3,2033.19,8539.39
2023-11-10,East,26-35,Female,Beauty,Lipstick,4,670.86,3756.8
2023-11-11,East,18-25,Female,Sports,Running Shoes,3,1757.1,7379.81
2023-11-11,West,65+,Male,Clothing,Jacket,5,1109.08,7763.56
2023-11-11,Central,56-65,Male,Groceries,Cooking Oil,1,315.73,442.02
2023-11-12,North,18-25,Male,Home Decor,Cushion Set,2,1356.95,3799.46
2023-11-12,West,36-45,Male,Books,Comic Book,3,431.07,1810.5
2023-11-12,West,46-55,Male,Sports,Running Shoes,5,1114.41,7800.84
2023-11-13,East,26-35,Male,Electronics,Power Bank,5,1914.04,13398.25
2023-11-13,West,26-35,Male,Books,Self-Help Book,1,506.66,709.32
2023-11-13,North,36-45,Male,Clothing,Jeans,1,788.85,1104.39
2023-11-13,East,36-45,Female,Home Decor,Table Lamp,1,943.57,1321.0
2023-11-14,Central,18-25,Female,Sports,Yoga Mat,2,2084.48,5836.54
2023-11-14,South,46-55,Female,Home Decor,Table Lamp,5,1021.4,7149.78
2023-11-14,Central,36-45,Female,Clothing,Sneakers,2,900.76,2522.12
2023-11-15,West,18-25,Male,Beauty,Perfume,1,706.49,989.08
2023-11-15,West,36-45,Male,Electronics,Power Bank,3,1864.22,7829.73
2023-11-15,West,56-65,Male,Clothing,Jacket,3,951.8,3997.57
2023-11-16,North,26-35,Female,Home Decor,Table Lamp,4,1508.73,8448.91
2023-11-16,Central,26-35,Female,Electronics,Bluetooth Speaker,2,2314.17,6479.67
2023-11-16,West,26-35,Female,Beauty,Lipstick,1,740.46,1036.65
2023-11-16,East,36-45,Female,Electronics,Wireless Earbuds,5,1800.53,12603.74
2023-11-17,East,56-65,Male,Electronics,Wireless Earbuds,2,2947.09,8251.84
2023-11-17,Central,56-65,Female,Electronics,Bluetooth Speaker,3,2659.33,11169.2
2023-11-17,North,26-35,Female,Groceries,Cooking Oil,3,318.29,1336.81
2023-11-18,Central,36-45,Female,Electronics,Power Bank,3,1908.36,8015.11
2023-11-18,East,26-35,Male,Electronics,Power Bank,4,1910.59,10699.33
2023-11-18,North,26-35,Female,Electronics,Wireless Earbuds,3,1802.46,7570.33
2023-11-19,East,26-35,Female,Books,Comic Book,3,379.63,1594.44
2023-11-19,Central,56-65,Female,Electronics,Smart Watch,4,2471.11,13838.23
2023-11-19,North,36-45,Male,Home Decor,Table Lamp,3,1105.42,4642.77
2023-11-20,West,26-35,Female,Home Decor,Curtains,3,1485.52,6239.2
2023-11-20,Central,26-35,Female,Beauty,Lipstick,4,529.77,2966.69
2023-11-20,Central,18-25,Male,Home Decor,Curtains,4,1191.46,6672.18
2023-11-20,East,46-55,Female,Beauty,Lipstick,3,647.7,2720.33
2023-11-21,West,26-35,Female,Sports,Cricket Bat,3,1668.99,7009.76
2023-11-21,West,26-35,Female,Sports,Cricket Bat,1,2356.15,3298.62
2023-11-21,South,36-45,Male,Home Decor,Cushion Set,3,1135.93,4770.9
2023-11-22,Central,26-35,Female,Clothing,Jeans,4,427.53,2394.15
2023-11-22,North,36-45,Male,Beauty,Shampoo,5,451.51,3160.54
2023-11-22,East,65+,Male,Home Decor,Table Lamp,1,1436.41,2010.97
2023-11-23,West,36-45,Male,Home Decor,Cushion Set,1,921.03,1289.44
2023-11-23,West,26-35,Male,Electronics,Power Bank,5,2387.07,16709.48
2023-11-23,North,26-35,Female,Electronics,Bluetooth Speaker,2,2624.84,7349.56
2023-11-23,South,26-35,Male,Sports,Running Shoes,1,1066.57,1493.2
2023-11-24,North,46-55,Female,Books,Cookbook,2,408.73,1144.45
2023-11-24,North,46-55,Female,Home Decor,Wall Art,5,928.56,6499.94
2023-11-24,Central,36-45,Female,Beauty,Face Cream,4,697.59,3906.49
2023-11-25,Central,56-65,Female,Clothing,Sneakers,2,694.94,1945.84
2023-11-25,North,46-55,Female,Clothing,Jeans,4,1130.52,6330.91
2023-11-25,North,18-25,Male,Books,Self-Help Book,3,411.28,1727.36
2023-11-26,West,26-35,Female,Groceries,Rice 5kg,4,398.41,2231.08
2023-11-26,East,18-25,Male,Electronics,Smart Watch,4,2090.27,11705.53
2023-11-26,West,36-45,Male,Electronics,Wireless Earbuds,5,1886.77,13207.42
2023-11-27,Central,56-65,Female,Beauty,Perfume,4,577.53,3234.17
2023-11-27,Central,36-45,Female,Electronics,Power Bank,2,2378.61,6660.1
2023-11-27,South,46-55,Female,Electronics,Bluetooth Speaker,3,2393.85,10054.19
2023-11-27,South,46-55,Female,Clothing,Sneakers,5,1089.87,7629.09
2023-11-28,North,26-35,Male,Groceries,Rice 5kg,5,259.27,1814.9
2023-11-28,Central,26-35,Male,Groceries,Rice 5kg,4,332.71,1863.16
2023-11-28,West,46-55,Male,Clothing,Jacket,1,880.33,1232.47
2023-11-29,South,18-25,Male,Home Decor,Wall Art,1,1108.84,1552.38
2023-11-29,East,36-45,Male,Groceries,Rice 5kg,2,364.59,1020.84
2023-11-29,North,36-45,Male,Groceries,Coffee Beans,3,384.97,1616.86
2023-11-30,North,36-45,Female,Beauty,Perfume,4,815.68,4567.83
2023-11-30,West,36-45,Female,Groceries,Rice 5kg,3,342.57,1438.79
2023-11-30,North,26-35,Female,Home Decor,Wall Art,5,1335.56,9348.89
2023-11-30,West,18-25,Female,Groceries,Rice 5kg,2,383.19,1072.94
2023-12-01,North,46-55,Male,Home Decor,Table Lamp,4,885.09,4956.49
2023-12-01,East,56-65,Female,Clothing,T-Shirt,3,1054.85,4430.37
2023-12-01,West,36-45,Female,Groceries,Coffee Beans,4,429.05,2402.66
2023-12-02,East,26-35,Male,Sports,Cricket Bat,3,1313.57,5516.98
2023-12-02,North,36-45,Female,Beauty,Lipstick,1,720.22,1008.3
2023-12-02,North,36-45,Male,Clothing,Jeans,3,879.71,3694.79
2023-12-03,South,26-35,Male,Sports,Running Shoes,2,1422.18,3982.11
2023-12-03,West,26-35,Male,Books,Fiction Novel,5,340.27,2381.87
2023-12-03,North,18-25,Male,Clothing,Jeans,3,758.04,3183.78
2023-12-04,North,18-25,Female,Groceries,Rice 5kg,4,317.0,1775.2
2023-12-04,Central,26-35,Male,Sports,Running Shoes,3,1564.76,6571.99
2023-12-04,Central,26-35,Female,Electronics,Wireless Earbuds,2,2714.17,7599.66
2023-12-04,Central,46-55,Female,Home Decor,Curtains,1,1103.31,1544.63
2023-12-05,North,26-35,Female,Clothing,Jacket,3,826.71,3472.2
2023-12-05,South,36-45,Female,Clothing,T-Shirt,1,949.68,1329.56
2023-12-05,North,18-25,Female,Books,Comic Book,2,362.26,1014.32
2023-12-06,West,36-45,Female,Clothing,T-Shirt,3,808.17,3394.31
2023-12-06,North,26-35,Male,Sports,Dumbbell Set,1,1165.99,1632.39
2023-12-06,East,18-25,Female,Electronics,Bluetooth Speaker,5,2922.34,20456.35
2023-12-07,West,26-35,Male,Books,Comic Book,1,471.52,660.12
2023-12-07,Central,18-25,Female,Groceries,Rice 5kg,1,369.11,516.75
2023-12-07,South,46-55,Male,Electronics,Bluetooth Speaker,2,2601.27,7283.56
2023-12-07,South,46-55,Male,Clothing,Jeans,5,1157.79,8104.54
2023-12-08,South,46-55,Male,Clothing,T-Shirt,4,722.94,4048.45
2023-12-08,North,26-35,Male,Electronics,Power Bank,3,1789.31,7515.08
2023-12-08,South,18-25,Male,Electronics,Bluetooth Speaker,5,1826.71,12786.95
2023-12-09,South,36-45,Female,Sports,Running Shoes,5,1568.64,10980.49
2023-12-09,West,26-35,Female,Sports,Cricket Bat,4,1479.1,8282.97
2023-12-09,Central,65+,Female,Electronics,Power Bank,2,1752.83,4907.91
2023-12-10,East,46-55,Male,Home Decor,Table Lamp,5,1219.93,8539.52
2023-12-10,Central,26-35,Female,Electronics,Bluetooth Speaker,3,2856.74,11998.32
2023-12-10,East,46-55,Female,Sports,Cricket Bat,4,1508.09,8445.29
2023-12-10,West,18-25,Female,Home Decor,Table Lamp,1,1630.92,2283.28
2023-12-11,West,26-35,Female,Groceries,Snack Pack,5,497.9,3485.32
2023-12-11,South,65+,Female,Clothing,T-Shirt,1,977.89,1369.05
2023-12-11,South,26-35,Male,Groceries,Rice 5kg,1,271.24,379.74
2023-12-12,East,46-55,Female,Books,Cookbook,4,412.39,2309.37
2023-12-12,East,18-25,Male,Sports,Running Shoes,3,1072.07,4502.68
2023-12-12,West,26-35,Female,Electronics,Smart Watch,4,1779.04,9962.64
2023-12-13,North,56-65,Male,Clothing,Jeans,4,1099.52,6157.33
2023-12-13,South,46-55,Female,Electronics,Smart Watch,5,2010.69,14074.84
2023-12-13,South,18-25,Female,Beauty,Shampoo,1,611.5,856.1
2023-12-14,West,36-45,Male,Clothing,Sneakers,4,700.3,3921.67
2023-12-14,North,26-35,Female,Books,Comic Book,5,353.86,2476.99
2023-12-14,West,26-35,Female,Books,Comic Book,4,411.42,2303.96
2023-12-14,West,56-65,Male,Sports,Cricket Bat,5,1364.86,9554.04
2023-12-15,North,26-35,Female,Electronics,Smart Watch,5,2823.25,19762.76
2023-12-15,Central,36-45,Female,Home Decor,Cushion Set,1,1567.3,2194.22
2023-12-15,Central,18-25,Female,Sports,Running Shoes,5,1557.6,10903.23
2023-12-16,East,65+,Male,Clothing,T-Shirt,5,1046.06,7322.42
2023-12-16,North,46-55,Female,Home Decor,Curtains,1,893.45,1250.82
2023-12-16,North,18-25,Male,Clothing,Jacket,5,1216.19,8513.32
2023-12-17,North,36-45,Female,Groceries,Rice 5kg,5,488.89,3422.22
2023-12-17,South,18-25,Female,Books,Self-Help Book,5,365.33,2557.31
2023-12-17,Central,46-55,Male,Home Decor,Wall Art,2,694.8,1945.45
2023-12-17,South,65+,Male,Books,Cookbook,2,422.01,1181.64
2023-12-18,East,18-25,Male,Home Decor,Cushion Set,3,1161.7,4879.14
2023-12-18,East,36-45,Female,Sports,Yoga Mat,1,1179.88,1651.83
2023-12-18,East,46-55,Female,Clothing,Jacket,3,969.34,4071.21
2023-12-19,West,18-25,Male,Home Decor,Wall Art,2,1062.55,2975.15
2023-12-19,West,65+,Male,Electronics,Wireless Earbuds,2,1896.56,5310.36
2023-12-19,Central,18-25,Male,Groceries,Cooking Oil,2,313.5,877.81
2023-12-20,Central,46-55,Female,Beauty,Shampoo,2,814.74,2281.28
2023-12-20,Central,26-35,Female,Home Decor,Table Lamp,5,790.34,5532.35
2023-12-20,North,26-35,Male,Books,Comic Book,1,286.58,401.21
2023-12-21,South,18-25,Female,Home Decor,Cushion Set,3,1170.36,4915.51
2023-12-21,West,26-35,Female,Clothing,Jacket,3,732.67,3077.21
2023-12-21,West,36-45,Male,Electronics,Smart Watch,4,2480.88,13892.92
2023-12-21,South,26-35,Male,Sports,Cricket Bat,2,2243.01,6280.44
2023-12-22,Central,65+,Male,Home Decor,Wall Art,4,891.47,4992.21
2023-12-22,East,26-35,Male,Clothing,Jacket,5,1030.32,7212.21
2023-12-22,South,26-35,Male,Groceries,Snack Pack,4,266.24,1490.95
2023-12-23,North,56-65,Male,Clothing,Sneakers,5,901.87,6313.08
2023-12-23,South,26-35,Male,Beauty,Lipstick,3,416.87,1750.84
2023-12-23,Central,18-25,Female,Beauty,Perfume,3,682.58,2866.82
2023-12-24,Central,18-25,Male,Beauty,Shampoo,5,571.8,4002.6
2023-12-24,East,56-65,Male,Groceries,Rice 5kg,1,375.14,525.2
2023-12-24,South,46-55,Female,Electronics,Power Bank,5,2107.31,14751.15
2023-12-24,West,18-25,Female,Clothing,Jacket,1,627.09,877.92
2023-12-25,Central,36-45,Male,Electronics,Power Bank,2,1832.02,5129.67
2023-12-25,Central,36-45,Male,Groceries,Snack Pack,1,307.51,430.52
2023-12-25,Central,18-25,Male,Clothing,Sneakers,3,947.07,3977.7
2023-12-26,West,36-45,Male,Clothing,Jeans,5,858.11,6006.75
2023-12-26,North,46-55,Male,Groceries,Cooking Oil,1,381.71,534.39
2023-12-26,East,26-35,Male,Groceries,Snack Pack,2,273.12,764.72
2023-12-27,South,46-55,Male,Sports,Running Shoes,2,1800.49,5041.37
2023-12-27,East,26-35,Female,Clothing,Jeans,1,702.53,983.54
2023-12-27,West,36-45,Female,Clothing,Sneakers,4,863.44,4835.25
2023-12-28,West,46-55,Male,Books,Cookbook,3,533.19,2239.38
2023-12-28,North,18-25,Male,Sports,Yoga Mat,3,1680.95,7060.01
2023-12-28,South,65+,Female,Electronics,Power Bank,4,2024.65,11338.07
2023-12-28,North,26-35,Female,Electronics,Smart Watch,1,2144.99,3002.99
2023-12-29,East,36-45,Female,Groceries,Snack Pack,3,390.85,1641.55
2023-12-29,West,56-65,Male,Books,Self-Help Book,3,454.03,1906.92
2023-12-29,North,18-25,Male,Beauty,Face Cream,4,716.3,4011.3
2023-12-30,East,26-35,Female,Beauty,Perfume,1,490.09,686.13
2023-12-30,North,46-55,Male,Home Decor,Table Lamp,5,1127.36,7891.55
2023-12-30,East,36-45,Male,Home Decor,Cushion Set,1,1105.69,1547.96
2023-12-31,West,26-35,Male,Clothing,T-Shirt,1,484.44,678.21
2023-12-31,Central,56-65,Female,Clothing,Jacket,3,983.51,4130.73
2023-12-31,West,46-55,Female,Electronics,Smart Watch,3,1720.73,7227.06
2023-12-31,South,46-55,Female,Groceries,Cooking Oil,3,485.26,2038.1
2024-01-01,South,26-35,Female,Electronics,Wireless Earbuds,5,1046.24,4708.07
2024-01-01,East,46-55,Male,Beauty,Perfume,1,486.17,437.55
2024-01-01,South,18-25,Male,Beauty,Face Cream,3,620.5,1675.35
2024-01-02,North,36-45,Female,Beauty,Lipstick,5,763.81,3437.16
2024-01-02,West,56-65,Female,Beauty,Lipstick,3,409.02,1104.37
2024-01-02,East,26-35,Male,Home Decor,Cushion Set,4,1137.35,4094.44
2024-01-03,West,26-35,Male,Sports,Running Shoes,2,1748.42,3147.16
2024-01-03,Central,26-35,Male,Groceries,Rice 5kg,5,328.53,1478.4
2024-01-03,South,26-35,Female,Beauty,Perfume,1,631.92,568.73
2024-01-03,West,36-45,Female,Electronics,Smart Watch,5,2583.38,11625.23
2024-01-04,East,26-35,Male,Beauty,Lipstick,5,621.32,2795.93
2024-01-04,East,26-35,Male,Sports,Running Shoes,1,1723.97,1551.58
2024-01-04,East,36-45,Male,Books,Self-Help Book,4,303.82,1093.76
2024-01-05,North,65+,Female,Electronics,Smart Watch,2,1372.53,2470.56
2024-01-05,West,36-45,Female,Electronics,Power Bank,3,2199.19,5937.81
2024-01-05,West,46-55,Female,Home Decor,Wall Art,5,950.53,4277.39
2024-01-06,Central,36-45,Female,Electronics,Smart Watch,5,2346.0,10557.02
2024-01-06,East,36-45,Male,Electronics,Wireless Earbuds,4,2727.28,9818.21
2024-01-06,West,36-45,Male,Electronics,Smart Watch,1,1740.28,1566.25
2024-01-07,North,18-25,Female,Books,Comic Book,3,335.06,904.66
2024-01-07,West,26-35,Female,Sports,Running Shoes,5,1735.04,7807.67
2024-01-07,East,18-25,Male,Electronics,Wireless Earbuds,5,2204.95,9922.29
2024-01-07,Central,46-55,Female,Books,Fiction Novel,4,402.25,1448.11
2024-01-08,North,26-35,Female,Groceries,Coffee Beans,4,291.36,1048.9
2024-01-08,South,46-55,Female,Beauty,Perfume,1,370.45,333.4
2024-01-08,Central,18-25,Female,Sports,Running Shoes,5,1084.37,4879.65
2024-01-09,Central,18-25,Male,Electronics,Power Bank,4,1661.69,5982.07
2024-01-09,West,18-25,Female,Electronics,Power Bank,3,2450.78,6617.09
2024-01-09,West,26-35,Male,Home Decor,Table Lamp,2,764.6,1376.27
2024-01-10,North,18-25,Female,Groceries,Cooking Oil,4,305.5,1099.82
2024-01-10,West,36-45,Female,Electronics,Smart Watch,2,2417.01,4350.61
2024-01-10,West,18-25,Male,Clothing,T-Shirt,3,832.46,2247.64
2024-01-10,West,26-35,Female,Groceries,Snack Pack,2,392.57,706.63
2024-01-11,West,18-25,Female,Clothing,T-Shirt,5,1134.12,5103.54
2024-01-11,East,26-35,Male,Electronics,Power Bank,2,3166.52,5699.74
2024-01-11,Central,26-35,Male,Home Decor,Curtains,4,632.88,2278.38
2024-01-12,Central,36-45,Male,Home Decor,Curtains,4,1459.59,5254.53
2024-01-12,East,26-35,Female,Sports,Cricket Bat,4,1030.15,3708.54
2024-01-12,South,46-55,Male,Books,Fiction Novel,2,446.82,804.27
2024-01-13,Central,26-35,Male,Beauty,Shampoo,3,579.79,1565.43
2024-01-13,South,36-45,Male,Beauty,Shampoo,1,584.91,526.42
2024-01-13,West,65+,Male,Home Decor,Wall Art,4,1053.31,3791.91
2024-01-14,South,26-35,Male,Home Decor,Wall Art,4,1145.31,4123.13
2024-01-14,North,18-25,Female,Clothing,T-Shirt,3,669.31,1807.14
2024-01-14,South,18-25,Female,Home Decor,Curtains,5,1316.14,5922.62
2024-01-14,North,46-55,Male,Electronics,Smart Watch,2,2915.7,5248.27
2024-01-15,East,46-55,Female,Clothing,Jeans,5,936.84,4215.79
2024-01-15,West,18-25,Male,Clothing,Jacket,3,817.01,2205.93
2024-01-15,West,26-35,Female,Clothing,Jacket,4,1152.72,4149.8
2024-01-16,Central,36-45,Female,Groceries,Rice 5kg,5,281.92,1268.65
2024-01-16,Central,46-55,Female,Sports,Running Shoes,3,1339.56,3616.81
2024-01-16,Central,18-25,Female,Sports,Dumbbell Set,1,1727.48,1554.73
2024-01-17,East,26-35,Male,Books,Cookbook,1,343.36,309.02
2024-01-17,West,26-35,Male,Beauty,Perfume,4,679.31,2445.51
2024-01-17,North,46-55,Male,Clothing,Jacket,1,1271.63,1144.47
2024-01-17,West,26-35,Female,Electronics,Smart Watch,2,1222.2,2199.97
2024-01-18,South,46-55,Male,Electronics,Wireless Earbuds,5,2218.45,9983.01
2024-01-18,Central,46-55,Male,Clothing,T-Shirt,5,909.38,4092.2
2024-01-18,West,46-55,Male,Sports,Yoga Mat,3,1627.84,4395.18
2024-01-19,North,18-25,Female,Clothing,Sneakers,2,1030.03,1854.06
2024-01-19,East,46-55,Male,Clothing,Jeans,1,620.65,558.59
2024-01-19,West,56-65,Female,Clothing,Jacket,1,978.92,881.02
2024-01-20,South,26-35,Male,Electronics,Smart Watch,2,2422.27,4360.09
2024-01-20,East,26-35,Male,Clothing,Sneakers,2,1003.32,1805.98
2024-01-20,West,18-25,Female,Groceries,Cooking Oil,5,330.65,1487.94
2024-01-21,South,18-25,Female,Sports,Dumbbell Set,4,1240.79,4466.85
2024-01-21,South,56-65,Female,Clothing,Jacket,4,993.95,3578.23
2024-01-21,East,18-25,Male,Clothing,Sneakers,2,774.17,1393.51
2024-01-21,North,26-35,Male,Books,Comic Book,2,505.25,909.45
2024-01-22,South,56-65,Female,Groceries,Coffee Beans,1,342.87,308.58
2024-01-22,West,18-25,Male,Clothing,Sneakers,5,1161.99,5228.97
2024-01-22,West,36-45,Female,Books,Cookbook,3,539.89,1457.69
2024-01-23,East,56-65,Male,Home Decor,Curtains,2,1162.26,2092.06
2024-01-23,West,18-25,Female,Groceries,Coffee Beans,1,234.48,211.03
2024-01-23,West,36-45,Female,Home Decor,Wall Art,1,1045.42,940.88
2024-01-24,East,26-35,Male,Clothing,Jacket,5,880.61,3962.77
2024-01-24,North,36-45,Female,Books,Fiction Novel,2,205.46,369.83
2024-01-24,North,36-45,Female,Clothing,Jeans,3,1113.32,3005.97
2024-01-24,East,65+,Male,Electronics,Bluetooth Speaker,2,2506.65,4511.97
2024-01-25,North,46-55,Female,Sports,Yoga Mat,3,1501.49,4054.03
2024-01-25,West,26-35,Male,Groceries,Coffee Beans,5,423.82,1907.17
2024-01-25,West,36-45,Female,Sports,Cricket Bat,2,1626.36,2927.45
2024-01-26,South,56-65,Male,Sports,Dumbbell Set,5,1455.96,6551.8
2024-01-26,West,18-25,Female,Books,Comic Book,5,356.62,1604.79
2024-01-26,Central,65+,Female,Home Decor,Wall Art,2,1505.72,2710.29
2024-01-27,East,18-25,Male,Sports,Dumbbell Set,5,2069.75,9313.86
2024-01-27,South,65+,Female,Clothing,Jacket,2,1023.3,1841.94
2024-01-27,West,46-55,Female,Groceries,Coffee Beans,1,361.2,325.08
2024-01-27,East,18-25,Male,Electronics,Power Bank,5,2015.09,9067.92
2024-01-28,North,26-35,Female,Home Decor,Cushion Set,3,1275.78,3444.61
2024-01-28,Central,26-35,Female,Beauty,Shampoo,4,575.44,2071.58
2024-01-28,West,26-35,Female,Home Decor,Table Lamp,2,1270.06,2286.12
2024-01-29,Central,26-35,Female,Clothing,Sneakers,1,918.78,826.9
2024-01-29,East,26-35,Male,Beauty,Face Cream,5,596.22,2683.0
2024-01-29,East,46-55,Male,Home Decor,Table Lamp,4,1045.64,3764.3
2024-01-30,West,56-65,Female,Clothing,Jeans,1,939.01,845.11
2024-01-30,Central,36-45,Female,Electronics,Bluetooth Speaker,2,3174.68,5714.43
2024-01-30,East,26-35,Female,Beauty,Lipstick,3,373.26,1007.79
2024-01-31,Central,26-35,Female,Sports,Cricket Bat,5,1277.6,5749.18
2024-01-31,East,18-25,Female,Clothing,T-Shirt,2,827.02,1488.64
2024-01-31,West,26-35,Male,Sports,Cricket Bat,3,1557.38,4204.94
2024-01-31,South,26-35,Female,Sports,Yoga Mat,4,1524.28,5487.4
2024-02-01,North,18-25,Female,Books,Fiction Novel,5,509.24,2291.6
2024-02-01,East,36-45,Male,Clothing,Jacket,2,830.15,1494.27
2024-02-01,Central,26-35,Male,Clothing,Sneakers,2,1078.46,1941.23
2024-02-02,Central,26-35,Male,Home Decor,Cushion Set,4,1247.26,4490.12
2024-02-02,West,18-25,Male,Electronics,Power Bank,3,1945.13,5251.86
2024-02-02,Central,46-55,Female,Electronics,Power Bank,4,2532.95,9118.63
2024-02-03,West,36-45,Female,Clothing,T-Shirt,4,895.41,3223.47
2024-02-03,Central,36-45,Female,Clothing,Jeans,2,985.99,1774.79
2024-02-03,West,18-25,Male,Beauty,Face Cream,2,713.0,1283.4
2024-02-03,East,36-45,Female,Beauty,Lipstick,1,577.2,519.48
2024-02-04,South,36-45,Female,Sports,Yoga Mat,4,1708.64,6151.09
2024-02-04,West,26-35,Female,Sports,Dumbbell Set,3,1957.75,5285.93
2024-02-04,Central,36-45,Male,Electronics,Smart Watch,5,3095.83,13931.23
2024-02-05,North,56-65,Male,Electronics,Bluetooth Speaker,2,2457.3,4423.14
2024-02-05,West,36-45,Male,Beauty,Perfume,3,525.99,1420.17
2024-02-05,North,46-55,Male,Home Decor,Cushion Set,2,1173.93,2113.07
2024-02-06,Central,46-55,Female,Clothing,Jacket,2,668.34,1203.01
2024-02-06,South,18-25,Male,Home Decor,Table Lamp,4,755.35,2719.28
2024-02-06,South,36-45,Male,Groceries,Coffee Beans,1,327.04,294.33
2024-02-07,Central,46-55,Female,Home Decor,Cushion Set,2,1106.75,1992.15
2024-02-07,Central,18-25,Male,Groceries,Snack Pack,4,324.01,1166.45
2024-02-07,North,26-35,Female,Sports,Running Shoes,2,1288.19,2318.74
2024-02-07,Central,65+,Male,Clothing,Jeans,4,970.11,3492.4
2024-02-08,Central,26-35,Male,Electronics,Bluetooth Speaker,3,2726.35,7361.14
2024-02-08,East,26-35,Male,Books,Comic Book,1,376.72,339.05
2024-02-08,South,65+,Female,Electronics,Bluetooth Speaker,1,2320.79,2088.71
2024-02-09,Central,65+,Female,Home Decor,Cushion Set,4,1460.33,5257.2
2024-02-09,East,46-55,Male,Books,Comic Book,5,574.92,2587.16
2024-02-09,South,18-25,Male,Groceries,Coffee Beans,3,267.3,721.72
2024-02-10,South,36-45,Male,Groceries,Rice 5kg,3,336.82,909.43
2024-02-10,West,36-45,Female,Books,Cookbook,4,577.46,2078.87
2024-02-10,East,36-45,Female,Books,Self-Help Book,4,390.11,1404.4
2024-02-10,Central,46-55,Male,Electronics,Smart Watch,2,2177.07,3918.72
2024-02-11,West,26-35,Male,Sports,Yoga Mat,5,1113.6,5011.22
2024-02-11,North,65+,Female,Sports,Yoga Mat,2,1171.2,2108.16
2024-02-11,South,26-35,Female,Clothing,Sneakers,3,889.08,2400.52
2024-02-12,West,46-55,Female,Books,Cookbook,3,525.77,1419.59
2024-02-12,East,36-45,Male,Clothing,Jacket,2,1162.38,2092.29
2024-02-12,East,26-35,Female,Electronics,Power Bank,3,2088.96,5640.18
2024-02-13,East,18-25,Female,Electronics,Wireless Earbuds,2,2838.12,5108.61
2024-02-13,West,46-55,Male,Home Decor,Wall Art,2,894.88,1610.79
2024-02-13,West,46-55,Male,Home Decor,Table Lamp,3,1421.05,3836.82
2024-02-14,Central,56-65,Female,Home Decor,Wall Art,1,1205.86,1085.28
2024-02-14,West,46-55,Male,Groceries,Coffee Beans,1,365.59,329.03
2024-02-14,Central,46-55,Male,Groceries,Cooking Oil,2,412.66,742.79
2024-02-14,North,26-35,Female,Groceries,Coffee Beans,3,356.37,962.19
2024-02-15,Central,26-35,Male,Clothing,Jeans,5,870.91,3919.09
2024-02-15,South,36-45,Female,Books,Self-Help Book,2,453.2,815.76
2024-02-15,West,46-55,Male,Sports,Dumbbell Set,3,1815.84,4902.77
2024-02-16,Central,46-55,Female,Home Decor,Wall Art,2,1272.77,2290.99
2024-02-16,West,46-55,Female,Beauty,Shampoo,4,511.62,1841.83
2024-02-16,West,26-35,Female,Groceries,Rice 5kg,1,375.06,337.55
2024-02-17,North,46-55,Female,Beauty,Perfume,4,661.48,2381.31
2024-02-17,North,26-35,Female,Clothing,Jacket,2,870.02,1566.04
2024-02-17,South,26-35,Male,Beauty,Lipstick,3,780.31,2106.83
2024-02-17,North,46-55,Male,Electronics,Smart Watch,3,1960.76,5294.06
2024-02-18,South,18-25,Female,Sports,Dumbbell Set,1,1300.61,1170.55
2024-02-18,Central,36-45,Male,Home Decor,Curtains,1,1052.52,947.27
2024-02-18,North,18-25,Male,Groceries,Rice 5kg,4,374.75,1349.11
2024-02-19,North,26-35,Female,Groceries,Cooking Oil,3,254.15,686.2
2024-02-19,West,26-35,Male,Groceries,Cooking Oil,4,208.36,750.1
2024-02-19,East,18-25,Female,Groceries,Cooking Oil,1,392.8,353.52
2024-02-20,North,36-45,Female,Electronics,Bluetooth Speaker,5,1629.81,7334.14
2024-02-20,South,18-25,Female,Sports,Running Shoes,3,1338.7,3614.49
2024-02-20,West,36-45,Male,Clothing,T-Shirt,5,1114.48,5015.17
2024-02-20,West,26-35,Male,Groceries,Snack Pack,2,276.7,498.06
2024-02-21,Central,26-35,Female,Clothing,Jacket,5,766.23,3448.05
2024-02-21,North,36-45,Female,Clothing,T-Shirt,2,714.1,1285.38
2024-02-21,East,26-35,Male,Books,Fiction Novel,5,430.18,1935.82
2024-02-22,South,65+,Female,Sports,Yoga Mat,3,1699.14,4587.67
2024-02-22,Central,46-55,Female,Electronics,Wireless Earbuds,5,2833.68,12751.54
2024-02-22,Central,26-35,Female,Electronics,Smart Watch,2,2189.15,3940.47
2024-02-23,South,18-25,Male,Groceries,Coffee Beans,5,366.92,1651.16
2024-02-23,South,46-55,Female,Clothing,Jeans,4,1100.16,3960.57
2024-02-23,West,46-55,Female,Groceries,Snack Pack,5,378.05,1701.24
2024-02-24,West,26-35,Female,Groceries,Snack Pack,4,341.32,1228.75
2024-02-24,West,26-35,Male,Sports,Dumbbell Set,1,1747.09,1572.38
2024-02-24,Central,26-35,Female,Groceries,Rice 5kg,5,357.32,1607.93
2024-02-24,Central,26-35,Male,Home Decor,Curtains,2,1477.61,2659.69
2024-02-25,West,36-45,Male,Books,Fiction Novel,2,444.86,800.75
2024-02-25,East,26-35,Male,Sports,Dumbbell Set,4,1595.73,5744.62
2024-02-25,East,46-55,Male,Groceries,Snack Pack,5,413.04,1858.68
2024-02-26,North,26-35,Male,Books,Cookbook,4,416.19,1498.27
2024-02-26,West,46-55,Female,Books,Cookbook,5,517.04,2326.68
2024-02-26,Central,26-35,Female,Groceries,Cooking Oil,1,268.09,241.28
2024-02-27,South,65+,Male,Home Decor,Cushion Set,2,1445.82,2602.47
2024-02-27,South,36-45,Female,Home Decor,Cushion Set,2,634.17,1141.5
2024-02-27,West,18-25,Female,Books,Cookbook,3,556.24,1501.84
2024-02-27,South,36-45,Male,Clothing,Jacket,4,967.0,3481.19
2024-02-28,East,26-35,Female,Sports,Cricket Bat,4,1259.89,4535.6
2024-02-28,North,18-25,Female,Electronics,Bluetooth Speaker,3,2040.12,5508.32
2024-02-28,Central,46-55,Male,Beauty,Shampoo,4,514.88,1853.58
2024-02-29,Central,46-55,Male,Electronics,Bluetooth Speaker,1,2564.08,2307.67
2024-02-29,East,26-35,Male,Clothing,Sneakers,3,1044.0,2818.81
2024-02-29,Central,36-45,Female,Sports,Running Shoes,2,1104.06,1987.31
2024-03-01,West,18-25,Female,Electronics,Power Bank,2,1892.06,3784.11
2024-03-01,North,18-25,Male,Clothing,Sneakers,5,980.26,4901.29
2024-03-01,Central,56-65,Female,Clothing,Sneakers,2,1367.56,2735.11
2024-03-02,South,36-45,Female,Beauty,Perfume,1,552.74,552.74
2024-03-02,Central,26-35,Male,Beauty,Lipstick,4,572.0,2287.98
2024-03-02,West,26-35,Male,Groceries,Cooking Oil,3,389.65,1168.94
2024-03-02,West,26-35,Female,Clothing,Jacket,2,1142.67,2285.34
2024-03-03,East,36-45,Female,Sports,Cricket Bat,2,2029.49,4058.98
2024-03-03,North,26-35,Female,Electronics,Power Bank,4,1935.06,7740.23
2024-03-03,Central,26-35,Male,Groceries,Snack Pack,1,358.83,358.83
2024-03-04,Central,18-25,Female,Home Decor,Cushion Set,3,1159.01,3477.02
2024-03-04,East,36-45,Male,Beauty,Shampoo,2,801.81,1603.63
2024-03-04,North,26-35,Male,Sports,Yoga Mat,2,1041.87,2083.74
2024-03-05,West,26-35,Male,Beauty,Perfume,2,467.95,935.9
2024-03-05,South,65+,Female,Groceries,Coffee Beans,2,379.77,759.55
2024-03-05,Central,26-35,Male,Electronics,Wireless Earbuds,5,1659.29,8296.47
2024-03-05,West,18-25,Male,Sports,Running Shoes,2,1974.28,3948.57
2024-03-06,East,36-45,Female,Electronics,Wireless Earbuds,3,2094.41,6283.22
2024-03-06,South,26-35,Female,Clothing,Sneakers,1,687.09,687.09
2024-03-06,South,18-25,Female,Beauty,Shampoo,2,839.62,1679.24
2024-03-07,South,36-45,Male,Groceries,Coffee Beans,4,348.45,1393.79
2024-03-07,Central,65+,Male,Books,Self-Help Book,3,468.96,1406.88
2024-03-07,East,46-55,Male,Electronics,Wireless Earbuds,5,1882.19,9410.97
2024-03-08,North,36-45,Female,Groceries,Coffee Beans,5,543.38,2716.9
2024-03-08,West,36-45,Male,Books,Fiction Novel,1,432.98,432.98
2024-03-08,East,18-25,Male,Electronics,Smart Watch,5,1754.45,8772.23
2024-03-08,Central,26-35,Male,Clothing,T-Shirt,3,836.35,2509.04
2024-03-09,West,26-35,Female,Groceries,Rice 5kg,1,275.04,275.04
2024-03-09,Central,36-45,Male,Groceries,Cooking Oil,5,308.8,1544.0
2024-03-09,South,46-55,Female,Electronics,Smart Watch,3,2501.8,7505.41
2024-03-10,South,26-35,Male,Clothing,Jacket,2,952.18,1904.36
2024-03-10,South,56-65,Male,Books,Cookbook,3,414.02,1242.06
2024-03-10,North,46-55,Male,Clothing,T-Shirt,2,978.3,1956.6
2024-03-11,South,56-65,Male,Groceries,Snack Pack,3,385.66,1156.99
2024-03-11,South,26-35,Female,Electronics,Wireless Earbuds,4,1362.91,5451.66
2024-03-11,West,46-55,Male,Home Decor,Curtains,3,1527.73,4583.19
2024-03-12,North,36-45,Female,Home Decor,Table Lamp,1,1033.47,1033.47
2024-03-12,South,36-45,Male,Books,Self-Help Book,4,438.18,1752.74
2024-03-12,North,56-65,Male,Clothing,Jacket,1,741.81,741.81
2024-03-12,North,18-25,Male,Sports,Running Shoes,2,1693.23,3386.45
2024-03-13,West,18-25,Female,Electronics,Smart Watch,5,2489.23,12446.17
2024-03-13,East,18-25,Female,Clothing,Sneakers,3,511.56,1534.67
2024-03-13,Central,26-35,Female,Home Decor,Wall Art,5,1854.47,9272.34
2024-03-14,East,46-55,Male,Books,Cookbook,3,394.07,1182.21
2024-03-14,South,36-45,Female,Electronics,Smart Watch,4,2174.87,8699.47
2024-03-14,South,56-65,Male,Sports,Yoga Mat,5,1217.12,6085.61
2024-03-15,Central,18-25,Female,Home Decor,Cushion Set,4,1551.46,6205.84
2024-03-15,South,46-55,Female,Groceries,Rice 5kg,2,336.85,673.7
2024-03-15,Central,26-35,Female,Clothing,Jacket,1,950.31,950.31
2024-03-15,West,46-55,Female,Sports,Yoga Mat,5,1293.22,6466.1
2024-03-16,Central,26-35,Female,Clothing,Jacket,3,836.56,2509.68
2024-03-16,Central,18-25,Male,Home Decor,Wall Art,4,1233.1,4932.38
2024-03-16,South,26-35,Female,Groceries,Coffee Beans,5,265.12,1325.61
2024-03-17,West,46-55,Female,Clothing,Jacket,3,892.47,2677.4
2024-03-17,West,46-55,Male,Books,Comic Book,1,323.47,323.47
2024-03-17,East,26-35,Female,Beauty,Lipstick,1,504.63,504.63
2024-03-18,North,36-45,Female,Clothing,Jeans,1,756.71,756.71
2024-03-18,Central,26-35,Male,Clothing,Sneakers,2,924.37,1848.74
2024-03-18,North,56-65,Female,Groceries,Snack Pack,3,304.72,914.17
2024-03-19,Central,36-45,Female,Clothing,Sneakers,1,913.73,913.73
2024-03-19,South,18-25,Female,Home Decor,Curtains,1,994.87,994.87
2024-03-19,East,26-35,Male,Clothing,Sneakers,4,827.61,3310.46
2024-03-19,East,26-35,Male,Groceries,Snack Pack,3,544.82,1634.46
2024-03-20,East,36-45,Male,Clothing,Jacket,2,1018.33,2036.66
2024-03-20,Central,18-25,Female,Clothing,Sneakers,3,697.83,2093.48
2024-03-20,North,26-35,Male,Groceries,Snack Pack,1,281.68,281.68
2024-03-21,West,56-65,Female,Sports,Cricket Bat,2,1475.22,2950.45
2024-03-21,East,36-45,Male,Beauty,Perfume,4,532.37,2129.48
2024-03-21,East,46-55,Female,Sports,Cricket Bat,1,1362.73,1362.73
2024-03-22,West,36-45,Male,Home Decor,Curtains,4,1064.46,4257.85
2024-03-22,East,56-65,Male,Clothing,Sneakers,3,827.38,2482.14
2024-03-22,Central,36-45,Female,Groceries,Cooking Oil,4,366.14,1464.57
2024-03-22,West,18-25,Female,Groceries,Snack Pack,4,339.45,1357.79
2024-03-23,West,26-35,Male,Sports,Running Shoes,1,1172.7,1172.7
2024-03-23,Central,36-45,Female,Groceries,Snack Pack,5,384.7,1923.52
2024-03-23,West,36-45,Female,Sports,Cricket Bat,1,1352.55,1352.55
2024-03-24,South,46-55,Female,Beauty,Lipstick,5,476.78,2383.88
2024-03-24,North,26-35,Male,Electronics,Power Bank,5,2452.37,12261.83
2024-03-24,North,26-35,Male,Home Decor,Wall Art,1,1319.11,1319.11
2024-03-25,North,36-45,Female,Electronics,Smart Watch,2,1124.83,2249.67
2024-03-25,West,26-35,Female,Clothing,T-Shirt,1,864.02,864.02
2024-03-25,South,26-35,Male,Clothing,Jacket,2,905.28,1810.56
2024-03-26,Central,56-65,Male,Electronics,Power Bank,3,3029.65,9088.94
2024-03-26,South,56-65,Female,Clothing,Jacket,3,1259.13,3777.4
2024-03-26,West,26-35,Female,Sports,Yoga Mat,2,1786.7,3573.39
2024-03-26,West,18-25,Female,Sports,Yoga Mat,5,1661.62,8308.1
2024-03-27,North,18-25,Male,Sports,Yoga Mat,5,1555.84,7779.21
2024-03-27,Central,18-25,Male,Groceries,Snack Pack,1,309.74,309.74
2024-03-27,West,26-35,Female,Beauty,Lipstick,4,599.31,2397.22
2024-03-28,Central,26-35,Female,Clothing,Sneakers,1,473.34,473.34
2024-03-28,South,46-55,Female,Books,Cookbook,5,539.01,2695.04
2024-03-28,Central,36-45,Male,Groceries,Snack Pack,4,299.23,1196.94
2024-03-29,Central,46-55,Male,Sports,Cricket Bat,5,1618.03,8090.15
2024-03-29,Central,46-55,Female,Groceries,Cooking Oil,3,334.51,1003.54
2024-03-29,East,46-55,Male,Clothing,T-Shirt,5,811.78,4058.9
2024-03-29,Central,26-35,Female,Groceries,Rice 5kg,1,290.18,290.18
2024-03-30,East,46-55,Female,Electronics,Bluetooth Speaker,4,1702.87,6811.49
2024-03-30,East,26-35,Female,Home Decor,Cushion Set,4,1092.92,4371.68
2024-03-30,West,36-45,Male,Groceries,Coffee Beans,4,251.32,1005.27
2024-03-31,South,56-65,Male,Clothing,Jeans,3,1093.34,3280.02
2024-03-31,Central,46-55,Female,Home Decor,Curtains,5,1363.51,6817.56
2024-03-31,South,46-55,Male,Beauty,Lipstick,4,757.81,3031.22
2024-04-01,North,18-25,Male,Electronics,Smart Watch,3,2628.03,7884.09
2024-04-01,North,18-25,Male,Electronics,Wireless Earbuds,3,2220.85,6662.55
2024-04-01,East,46-55,Male,Beauty,Shampoo,2,691.37,1382.74
2024-04-01,South,26-35,Female,Home Decor,Curtains,1,1611.5,1611.5
2024-04-02,West,18-25,Male,Beauty,Face Cream,2,695.34,1390.68
2024-04-02,South,18-25,Female,Beauty,Perfume,5,718.8,3593.98
2024-04-02,South,18-25,Female,Electronics,Smart Watch,3,2064.84,6194.53
2024-04-03,East,46-55,Male,Clothing,Sneakers,2,918.19,1836.38
2024-04-03,East,26-35,Female,Home Decor,Curtains,5,1086.16,5430.79
2024-04-03,South,46-55,Male,Groceries,Snack Pack,4,336.08,1344.33
2024-04-04,Central,36-45,Male,Clothing,Jeans,1,901.23,901.23
2024-04-04,East,18-25,Male,Sports,Running Shoes,1,1633.35,1633.35
2024-04-04,North,18-25,Male,Home Decor,Table Lamp,5,1126.58,5632.88
2024-04-05,Central,46-55,Female,Books,Comic Book,4,500.88,2003.52
2024-04-05,South,46-55,Female,Books,Fiction Novel,4,410.02,1640.07
2024-04-05,West,36-45,Female,Electronics,Wireless Earbuds,4,2274.92,9099.66
2024-04-05,North,36-45,Male,Groceries,Cooking Oil,2,350.57,701.14
2024-04-06,Central,26-35,Male,Electronics,Bluetooth Speaker,5,2024.41,10122.06
2024-04-06,East,26-35,Male,Groceries,Cooking Oil,1,441.9,441.9
2024-04-06,North,18-25,Male,Electronics,Bluetooth Speaker,3,2409.32,7227.96
2024-04-07,South,46-55,Female,Beauty,Lipstick,3,577.13,1731.39
2024-04-07,Central,46-55,Female,Clothing,T-Shirt,4,1157.33,4629.33
2024-04-07,East,18-25,Male,Beauty,Shampoo,1,525.04,525.04
2024-04-08,Central,65+,Male,Electronics,Bluetooth Speaker,3,1433.11,4299.34
2024-04-08,Central,26-35,Male,Electronics,Power Bank,4,1760.44,7041.76
2024-04-08,North,65+,Male,Sports,Dumbbell Set,4,1070.14,4280.55
2024-04-08,South,36-45,Male,Groceries,Cooking Oil,5,498.87,2494.37
2024-04-09,East,26-35,Female,Clothing,T-Shirt,3,954.09,2862.27
2024-04-09,West,18-25,Male,Books,Cookbook,5,356.64,1783.21
2024-04-09,East,56-65,Male,Groceries,Coffee Beans,1,456.28,456.28
2024-04-10,East,26-35,Male,Books,Cookbook,3,329.41,988.23
2024-04-10,Central,36-45,Male,Groceries,Snack Pack,3,316.06,948.17
2024-04-10,Central,36-45,Female,Electronics,Bluetooth Speaker,1,1642.28,1642.28
2024-04-11,East,36-45,Male,Clothing,Jeans,5,1051.22,5256.1
2024-04-11,West,36-45,Male,Groceries,Cooking Oil,1,342.52,342.52
2024-04-11,North,26-35,Male,Electronics,Wireless Earbuds,1,2547.95,2547.95
2024-04-12,East,26-35,Male,Electronics,Bluetooth Speaker,1,1444.56,1444.56
2024-04-12,West,36-45,Female,Sports,Running Shoes,4,1309.31,5237.26
2024-04-12,South,26-35,Female,Books,Fiction Novel,2,329.93,659.86
2024-04-12,Central,65+,Male,Groceries,Cooking Oil,5,437.12,2185.58
2024-04-13,West,18-25,Female,Home Decor,Table Lamp,4,1607.35,6429.41
2024-04-13,South,36-45,Female,Clothing,T-Shirt,5,694.98,3474.89
2024-04-13,North,36-45,Female,Beauty,Face Cream,2,465.6,931.21
2024-04-14,North,26-35,Female,Electronics,Smart Watch,4,2792.06,11168.24
2024-04-14,West,18-25,Male,Clothing,Sneakers,3,896.5,2689.51
2024-04-14,South,26-35,Female,Electronics,Power Bank,2,2407.65,4815.31
2024-04-15,East,18-25,Female,Groceries,Snack Pack,5,375.7,1878.5
2024-04-15,West,18-25,Female,Electronics,Power Bank,2,2241.54,4483.08
2024-04-15,Central,26-35,Female,Electronics,Smart Watch,4,3354.61,13418.45
2024-04-15,Central,36-45,Female,Beauty,Shampoo,2,737.41,1474.81
2024-04-16,South,36-45,Male,Home Decor,Table Lamp,5,1257.58,6287.9
2024-04-16,Central,56-65,Male,Clothing,T-Shirt,1,1113.58,1113.58
2024-04-16,Central,65+,Male,Home Decor,Table Lamp,1,1094.25,1094.25
2024-04-17,Central,36-45,Female,Groceries,Coffee Beans,1,396.96,396.96
2024-04-17,North,36-45,Male,Groceries,Coffee Beans,3,354.06,1062.19
2024-04-17,North,46-55,Female,Home Decor,Wall Art,1,1207.38,1207.38
2024-04-18,East,46-55,Male,Electronics,Power Bank,5,2123.42,10617.08
2024-04-18,East,46-55,Female,Books,Cookbook,1,464.41,464.41
2024-04-18,West,26-35,Female,Beauty,Perfume,2,504.47,1008.95
2024-04-19,South,65+,Female,Clothing,T-Shirt,4,1106.23,4424.91
2024-04-19,Central,26-35,Female,Beauty,Shampoo,2,677.0,1354.01
2024-04-19,South,36-45,Male,Groceries,Snack Pack,5,365.87,1829.34
2024-04-19,North,46-55,Female,Clothing,Sneakers,4,534.01,2136.06
2024-04-20,North,18-25,Male,Sports,Yoga Mat,2,1400.14,2800.27
2024-04-20,West,56-65,Male,Groceries,Snack Pack,5,371.82,1859.1
2024-04-20,East,18-25,Female,Groceries,Rice 5kg,1,381.2,381.2
2024-04-21,East,18-25,Female,Clothing,Sneakers,5,448.96,2244.79
2024-04-21,West,36-45,Male,Electronics,Bluetooth Speaker,4,2554.84,10219.37
2024-04-21,North,26-35,Female,Groceries,Rice 5kg,3,348.3,1044.9
2024-04-22,West,36-45,Female,Groceries,Snack Pack,1,384.89,384.89
2024-04-22,West,26-35,Male,Electronics,Bluetooth Speaker,3,2067.88,6203.63
2024-04-22,Central,36-45,Male,Books,Cookbook,2,513.49,1026.97
2024-04-22,West,36-45,Male,Clothing,Sneakers,1,979.04,979.04
2024-04-23,South,56-65,Male,Clothing,Sneakers,4,1268.5,5074.02
2024-04-23,North,26-35,Female,Groceries,Rice 5kg,5,346.89,1734.46
2024-04-23,Central,26-35,Male,Clothing,Jacket,5,883.02,4415.1
2024-04-24,South,26-35,Male,Clothing,Sneakers,2,862.76,1725.53
2024-04-24,East,18-25,Male,Groceries,Coffee Beans,2,309.43,618.87
2024-04-24,North,26-35,Female,Sports,Yoga Mat,4,1523.8,6095.22
2024-04-25,South,36-45,Male,Electronics,Smart Watch,4,2669.84,10679.36
2024-04-25,Central,56-65,Male,Home Decor,Table Lamp,2,1412.5,2825.0
2024-04-25,North,46-55,Female,Clothing,Jacket,5,614.79,3073.97
2024-04-25,North,56-65,Female,Sports,Running Shoes,3,1789.95,5369.84
2024-04-26,South,36-45,Male,Beauty,Shampoo,1,490.11,490.11
2024-04-26,Central,26-35,Female,Home Decor,Wall Art,1,1082.83,1082.83
2024-04-26,North,18-25,Male,Groceries,Cooking Oil,2,438.78,877.56
2024-04-27,North,36-45,Male,Groceries,Snack Pack,3,477.79,1433.38
2024-04-27,East,18-25,Female,Books,Comic Book,3,543.76,1631.27
2024-04-27,North,26-35,Male,Groceries,Cooking Oil,4,333.99,1335.98
2024-04-28,West,26-35,Female,Electronics,Power Bank,4,2555.36,10221.45
2024-04-28,West,46-55,Male,Electronics,Smart Watch,3,2140.34,6421.03
2024-04-28,East,26-35,Male,Home Decor,Wall Art,3,1470.32,4410.97
2024-04-29,Central,65+,Male,Sports,Running Shoes,1,1570.19,1570.19
2024-04-29,Central,46-55,Male,Beauty,Lipstick,5,825.6,4128.0
2024-04-29,North,36-45,Female,Electronics,Power Bank,5,2005.62,10028.11
2024-04-29,Central,36-45,Female,Groceries,Snack Pack,5,272.52,1362.62
2024-04-30,East,46-55,Male,Groceries,Rice 5kg,1,450.42,450.42
2024-04-30,West,26-35,Female,Electronics,Power Bank,5,2720.83,13604.13
2024-04-30,South,65+,Female,Beauty,Perfume,5,629.77,3148.85
2024-05-01,North,36-45,Male,Home Decor,Wall Art,4,1600.98,6403.93
2024-05-01,East,46-55,Male,Groceries,Rice 5kg,1,406.44,406.44
2024-05-01,South,65+,Male,Books,Cookbook,3,430.76,1292.29
2024-05-02,South,36-45,Male,Groceries,Coffee Beans,1,269.91,269.91
2024-05-02,West,36-45,Male,Clothing,T-Shirt,5,627.09,3135.45
2024-05-02,North,36-45,Female,Electronics,Power Bank,3,1628.07,4884.2
2024-05-02,Central,18-25,Female,Books,Cookbook,4,430.82,1723.28
2024-05-03,Central,18-25,Male,Groceries,Coffee Beans,2,351.84,703.68
2024-05-03,Central,65+,Male,Books,Cookbook,5,497.9,2489.51
2024-05-03,South,56-65,Male,Groceries,Snack Pack,4,427.93,1711.74
2024-05-04,Central,36-45,Male,Sports,Yoga Mat,2,1437.15,2874.3
2024-05-04,West,26-35,Female,Clothing,Sneakers,1,880.66,880.66
2024-05-04,East,36-45,Female,Electronics,Bluetooth Speaker,5,2150.77,10753.83
2024-05-05,South,65+,Female,Electronics,Bluetooth Speaker,2,2063.18,4126.36
2024-05-05,West,18-25,Female,Sports,Dumbbell Set,3,1409.72,4229.17
2024-05-05,North,65+,Female,Home Decor,Wall Art,3,1153.67,3461.02
2024-05-06,South,18-25,Female,Sports,Cricket Bat,4,1539.1,6156.39
2024-05-06,Central,26-35,Female,Beauty,Face Cream,5,451.24,2256.18
2024-05-06,Central,18-25,Female,Clothing,T-Shirt,4,806.74,3226.95
2024-05-06,Central,46-55,Female,Beauty,Face Cream,1,308.28,308.28
2024-05-07,South,26-35,Male,Electronics,Smart Watch,5,1622.53,8112.63
2024-05-07,East,46-55,Female,Electronics,Wireless Earbuds,2,2277.34,4554.68
2024-05-07,Central,18-25,Male,Sports,Running Shoes,5,1209.01,6045.05
2024-05-08,South,56-65,Female,Electronics,Power Bank,1,2018.84,2018.84
2024-05-08,East,56-65,Female,Beauty,Shampoo,2,524.66,1049.32
2024-05-08,South,65+,Male,Beauty,Shampoo,4,426.88,1707.5
2024-05-09,West,46-55,Male,Clothing,Jeans,4,1059.19,4236.75
2024-05-09,East,65+,Female,Beauty,Perfume,4,482.49,1929.97
2024-05-09,South,18-25,Female,Electronics,Bluetooth Speaker,1,2323.92,2323.92
2024-05-09,West,65+,Male,Beauty,Shampoo,5,503.42,2517.11
2024-05-10,Central,56-65,Female,Beauty,Perfume,2,793.81,1587.62
2024-05-10,Central,36-45,Female,Home Decor,Cushion Set,1,1139.82,1139.82
2024-05-10,South,26-35,Male,Clothing,Jeans,1,905.45,905.45
2024-05-11,West,26-35,Female,Beauty,Perfume,5,597.47,2987.35
2024-05-11,North,46-55,Male,Beauty,Perfume,2,563.7,1127.39
2024-05-11,South,65+,Male,Clothing,Jacket,5,956.79,4783.96
2024-05-12,East,36-45,Female,Groceries,Rice 5kg,3,334.73,1004.19
2024-05-12,West,26-35,Female,Clothing,Jeans,3,990.96,2972.89
2024-05-12,East,18-25,Male,Beauty,Lipstick,1,618.32,618.32
2024-05-13,South,36-45,Female,Beauty,Lipstick,3,667.02,2001.06
2024-05-13,Central,46-55,Female,Books,Comic Book,2,338.49,676.97
2024-05-13,North,26-35,Female,Electronics,Smart Watch,3,2527.62,7582.87
2024-05-13,East,18-25,Male,Electronics,Smart Watch,1,1473.66,1473.66
2024-05-14,South,46-55,Female,Home Decor,Wall Art,5,540.28,2701.4
2024-05-14,West,26-35,Male,Electronics,Wireless Earbuds,3,2479.43,7438.3
2024-05-14,Central,26-35,Male,Electronics,Wireless Earbuds,1,2700.0,2700.0
2024-05-15,North,46-55,Female,Groceries,Rice 5kg,4,215.16,860.64
2024-05-15,Central,65+,Female,Sports,Yoga Mat,4,2156.15,8624.6
2024-05-15,North,26-35,Female,Beauty,Face Cream,3,441.57,1324.71
2024-05-16,South,46-55,Female,Electronics,Power Bank,3,2499.39,7498.18
2024-05-16,West,18-25,Female,Books,Fiction Novel,2,633.4,1266.8
2024-05-16,Central,65+,Female,Clothing,Jeans,3,1119.54,3358.62
2024-05-16,East,56-65,Female,Clothing,Sneakers,1,861.82,861.82
2024-05-17,South,26-35,Female,Groceries,Coffee Beans,4,362.76,1451.04
2024-05-17,North,46-55,Male,Electronics,Wireless Earbuds,3,2690.39,8071.16
2024-05-17,Central,26-35,Female,Sports,Cricket Bat,2,1317.04,2634.07
2024-05-18,East,36-45,Male,Electronics,Smart Watch,3,2873.71,8621.13
2024-05-18,North,56-65,Female,Electronics,Power Bank,5,1994.72,9973.6
2024-05-18,East,18-25,Male,Books,Fiction Novel,3,389.01,1167.04
2024-05-19,South,18-25,Male,Home Decor,Wall Art,1,952.42,952.42
2024-05-19,South,26-35,Male,Clothing,Jacket,1,860.93,860.93
2024-05-19,South,26-35,Male,Clothing,T-Shirt,5,1004.11,5020.55
2024-05-19,North,36-45,Male,Electronics,Power Bank,1,1776.04,1776.04
2024-05-20,Central,26-35,Male,Clothing,Sneakers,3,1069.07,3207.22
2024-05-20,North,65+,Male,Electronics,Bluetooth Speaker,5,2127.13,10635.65
2024-05-20,West,26-35,Male,Home Decor,Curtains,5,703.57,3517.84
2024-05-21,North,36-45,Female,Beauty,Face Cream,4,612.2,2448.81
2024-05-21,South,56-65,Female,Electronics,Wireless Earbuds,1,2317.48,2317.48
2024-05-21,Central,26-35,Male,Home Decor,Table Lamp,1,1579.8,1579.8
2024-05-22,South,46-55,Male,Beauty,Face Cream,1,551.09,551.09
2024-05-22,West,36-45,Female,Home Decor,Cushion Set,3,1065.31,3195.92
2024-05-22,East,26-35,Male,Groceries,Cooking Oil,1,354.13,354.13
2024-05-23,South,36-45,Female,Electronics,Wireless Earbuds,1,2315.26,2315.26
2024-05-23,Central,18-25,Female,Electronics,Smart Watch,1,2152.87,2152.87
2024-05-23,East,56-65,Female,Home Decor,Curtains,4,943.56,3774.25
2024-05-23,Central,46-55,Female,Sports,Yoga Mat,5,1479.95,7399.77
2024-05-24,East,46-55,Male,Electronics,Power Bank,3,2216.94,6650.82
2024-05-24,North,56-65,Male,Clothing,Jeans,2,817.88,1635.75
2024-05-24,Central,18-25,Female,Clothing,Jeans,5,790.1,3950.48
2024-05-25,Central,26-35,Male,Electronics,Smart Watch,5,2256.81,11284.06
2024-05-25,Central,26-35,Female,Clothing,T-Shirt,5,610.88,3054.38
2024-05-25,North,46-55,Female,Groceries,Snack Pack,1,162.17,162.17
2024-05-26,Central,26-35,Male,Clothing,Jeans,3,1071.75,3215.25
2024-05-26,East,46-55,Female,Clothing,Sneakers,5,850.13,4250.63
2024-05-26,South,36-45,Female,Clothing,Jeans,2,793.49,1586.99
2024-05-26,West,46-55,Female,Home Decor,Cushion Set,4,1145.86,4583.44
2024-05-27,South,56-65,Female,Books,Comic Book,5,472.59,2362.95
2024-05-27,West,46-55,Male,Beauty,Lipstick,4,611.35,2445.42
2024-05-27,East,65+,Female,Electronics,Wireless Earbuds,5,1815.49,9077.44
2024-05-28,Central,26-35,Male,Beauty,Lipstick,5,614.9,3074.51
2024-05-28,East,46-55,Male,Electronics,Wireless Earbuds,4,2414.25,9656.99
2024-05-28,West,46-55,Female,Groceries,Snack Pack,5,361.25,1806.27
2024-05-29,West,26-35,Male,Books,Self-Help Book,5,379.03,1895.14
2024-05-29,West,36-45,Female,Home Decor,Curtains,5,1421.1,7105.48
2024-05-29,North,56-65,Male,Electronics,Power Bank,4,2193.4,8773.6
2024-05-30,West,36-45,Female,Sports,Yoga Mat,4,1700.28,6801.11
2024-05-30,North,36-45,Male,Clothing,T-Shirt,2,1247.0,2494.0
2024-05-30,West,46-55,Female,Books,Fiction Novel,1,433.61,433.61
2024-05-30,North,36-45,Male,Groceries,Cooking Oil,2,253.53,507.06
2024-05-31,West,56-65,Female,Sports,Dumbbell Set,2,1288.23,2576.46
2024-05-31,North,26-35,Female,Home Decor,Wall Art,5,1215.88,6079.38
2024-05-31,East,36-45,Male,Beauty,Shampoo,1,477.87,477.87
2024-06-01,South,18-25,Female,Groceries,Rice 5kg,1,329.28,329.28
2024-06-01,East,26-35,Female,Clothing,Sneakers,5,873.43,4367.14
2024-06-01,Central,46-55,Female,Groceries,Rice 5kg,5,339.3,1696.49
2024-06-02,East,46-55,Female,Clothing,Jacket,2,820.09,1640.18
2024-06-02,East,36-45,Male,Electronics,Bluetooth Speaker,1,2437.05,2437.05
2024-06-02,East,46-55,Male,Electronics,Bluetooth Speaker,4,1915.58,7662.31
2024-06-02,Central,36-45,Male,Electronics,Smart Watch,3,2056.11,6168.32
2024-06-03,West,46-55,Male,Sports,Cricket Bat,3,1937.46,5812.37
2024-06-03,Central,36-45,Female,Sports,Dumbbell Set,4,1183.29,4733.15
2024-06-03,North,46-55,Male,Clothing,T-Shirt,4,618.26,2473.04
2024-06-04,West,18-25,Male,Sports,Running Shoes,3,1315.28,3945.83
2024-06-04,West,26-35,Male,Beauty,Perfume,1,459.66,459.66
2024-06-04,East,26-35,Male,Sports,Running Shoes,4,1383.12,5532.47
2024-06-05,East,65+,Female,Clothing,Jeans,3,951.39,2854.18
2024-06-05,North,36-45,Female,Electronics,Wireless Earbuds,2,2041.75,4083.51
2024-06-05,West,36-45,Male,Clothing,Sneakers,5,936.91,4684.55
2024-06-06,Central,26-35,Female,Groceries,Snack Pack,3,496.95,1490.84
2024-06-06,South,18-25,Female,Electronics,Wireless Earbuds,1,3063.46,3063.46
2024-06-06,East,36-45,Female,Clothing,Jacket,4,1092.92,4371.68
2024-06-06,North,56-65,Male,Clothing,T-Shirt,1,882.21,882.21
2024-06-07,North,46-55,Male,Groceries,Snack Pack,3,329.14,987.42
2024-06-07,South,26-35,Female,Sports,Dumbbell Set,1,1489.64,1489.64
2024-06-07,Central,56-65,Female,Groceries,Coffee Beans,3,389.24,1167.73
2024-06-08,East,26-35,Male,Clothing,Jeans,5,945.87,4729.37
2024-06-08,South,26-35,Male,Beauty,Lipstick,1,473.83,473.83
2024-06-08,South,26-35,Male,Clothing,Sneakers,3,894.95,2684.86
2024-06-09,North,36-45,Male,Beauty,Shampoo,5,687.2,3436.02
2024-06-09,East,46-55,Female,Home Decor,Wall Art,4,1280.12,5120.48
2024-06-09,West,56-65,Male,Clothing,T-Shirt,3,1189.09,3567.26
2024-06-09,North,26-35,Male,Beauty,Face Cream,1,558.8,558.8
2024-06-10,North,36-45,Male,Home Decor,Table Lamp,2,983.54,1967.09
2024-06-10,Central,56-65,Female,Clothing,Jacket,2,820.79,1641.59
2024-06-10,East,18-25,Male,Electronics,Power Bank,4,2762.95,11051.81
2024-06-11,North,65+,Female,Groceries,Snack Pack,2,216.97,433.94
2024-06-11,West,36-45,Male,Beauty,Perfume,2,653.48,1306.95
2024-06-11,Central,65+,Male,Books,Comic Book,3,574.09,1722.27
2024-06-12,South,36-45,Male,Beauty,Perfume,5,551.61,2758.04
2024-06-12,East,56-65,Female,Books,Comic Book,3,479.22,1437.67
2024-06-12,Central,18-25,Male,Groceries,Cooking Oil,1,383.78,383.78
2024-06-12,South,18-25,Female,Electronics,Wireless Earbuds,1,2228.26,2228.26
2024-06-13,West,36-45,Male,Home Decor,Table Lamp,5,1021.51,5107.55
2024-06-13,North,36-45,Female,Sports,Yoga Mat,2,2038.31,4076.63
2024-06-13,Central,26-35,Male,Books,Comic Book,1,444.46,444.46
2024-06-14,East,26-35,Male,Books,Fiction Novel,3,390.32,1170.96
2024-06-14,East,56-65,Male,Electronics,Power Bank,1,1751.09,1751.09
2024-06-14,South,26-35,Female,Sports,Cricket Bat,3,1834.25,5502.74
2024-06-15,Central,26-35,Male,Beauty,Face Cream,5,766.69,3833.43
2024-06-15,West,46-55,Male,Home Decor,Curtains,2,907.66,1815.32
2024-06-15,Central,26-35,Female,Electronics,Wireless Earbuds,5,2236.45,11182.26
2024-06-16,Central,46-55,Male,Home Decor,Curtains,5,1041.5,5207.52
2024-06-16,North,36-45,Female,Home Decor,Curtains,4,1301.27,5205.1
2024-06-16,South,46-55,Female,Electronics,Bluetooth Speaker,2,1671.82,3343.63
2024-06-16,Central,36-45,Female,Clothing,Jeans,5,1074.52,5372.59
2024-06-17,East,26-35,Female,Sports,Running Shoes,1,910.27,910.27
2024-06-17,Central,26-35,Male,Books,Self-Help Book,2,329.12,658.24
2024-06-17,Central,36-45,Female,Clothing,Jacket,2,895.24,1790.49
2024-06-18,West,46-55,Male,Electronics,Bluetooth Speaker,3,1864.45,5593.36
2024-06-18,Central,46-55,Male,Clothing,Jacket,5,771.24,3856.19
2024-06-18,West,36-45,Female,Groceries,Snack Pack,3,353.21,1059.64
2024-06-19,South,46-55,Female,Beauty,Perfume,4,669.7,2678.78
2024-06-19,East,36-45,Female,Sports,Dumbbell Set,1,1508.44,1508.44
2024-06-19,North,18-25,Female,Clothing,Jacket,2,915.55,1831.09
2024-06-19,East,26-35,Female,Electronics,Wireless Earbuds,2,2489.58,4979.15
2024-06-20,East,26-35,Female,Home Decor,Table Lamp,1,1160.09,1160.09
2024-06-20,South,26-35,Female,Electronics,Bluetooth Speaker,4,2422.17,9688.67
2024-06-20,West,36-45,Male,Beauty,Lipstick,1,609.99,609.99
2024-06-21,West,56-65,Female,Home Decor,Cushion Set,5,1205.37,6026.87
2024-06-21,West,26-35,Male,Home Decor,Curtains,5,950.2,4751.0
2024-06-21,South,36-45,Female,Books,Comic Book,4,271.81,1087.26
2024-06-22,West,46-55,Female,Home Decor,Wall Art,4,1617.8,6471.2
2024-06-22,East,46-55,Female,Books,Cookbook,1,299.52,299.52
2024-06-22,East,65+,Male,Clothing,Jacket,4,876.22,3504.87
2024-06-23,North,46-55,Male,Sports,Cricket Bat,4,1472.93,5891.74
2024-06-23,South,36-45,Male,Clothing,Sneakers,2,883.95,1767.89
2024-06-23,North,18-25,Male,Groceries,Coffee Beans,2,388.76,777.52
2024-06-23,West,26-35,Male,Beauty,Perfume,4,552.02,2208.08
2024-06-24,West,36-45,Female,Beauty,Shampoo,4,692.13,2768.51
2024-06-24,North,36-45,Male,Home Decor,Wall Art,4,1181.47,4725.87
2024-06-24,East,18-25,Female,Electronics,Bluetooth Speaker,2,2686.94,5373.89
2024-06-25,Central,56-65,Female,Electronics,Power Bank,2,1880.79,3761.58
2024-06-25,West,26-35,Female,Sports,Dumbbell Set,2,1631.7,3263.39
2024-06-25,West,65+,Male,Sports,Cricket Bat,4,1510.49,6041.97
2024-06-26,North,26-35,Female,Clothing,Jacket,3,1048.77,3146.31
2024-06-26,South,56-65,Female,Home Decor,Table Lamp,3,945.65,2836.94
2024-06-26,South,18-25,Female,Groceries,Coffee Beans,3,329.03,987.09
2024-06-26,South,18-25,Female,Electronics,Wireless Earbuds,2,2120.03,4240.05
2024-06-27,South,18-25,Female,Electronics,Smart Watch,1,2533.16,2533.16
2024-06-27,West,26-35,Male,Clothing,T-Shirt,3,701.27,2103.82
2024-06-27,North,26-35,Female,Electronics,Smart Watch,5,1343.16,6715.82
2024-06-28,West,18-25,Female,Groceries,Cooking Oil,3,379.11,1137.34
2024-06-28,West,36-45,Male,Beauty,Shampoo,1,773.15,773.15
2024-06-28,South,18-25,Female,Clothing,Jacket,2,861.67,1723.35
2024-06-29,North,65+,Male,Clothing,T-Shirt,3,1050.79,3152.37
2024-06-29,West,36-45,Female,Books,Fiction Novel,2,478.01,956.03
2024-06-29,West,26-35,Female,Groceries,Cooking Oil,5,382.06,1910.31
2024-06-30,Central,18-25,Female,Clothing,Sneakers,5,367.13,1835.66
